0,A distress call to the competent authorities several families stuck in their homes as a result of the high level of water in a valley in the area of ​​Hawari branch of
1,Youth of Al Ain
2,"The care of His Royal Highness Prince Khalid Salman, may Allah preserve him, the Ambassador of the Custodian of the Two Holy Mosques"
3,Incitement to kill the governors of a state God preserves them openly
4,rt fricafactszone superb visionary patriotic competent iconic african heads state african thomas sankara p 
5,rt fricafactszone superb visionary patriotic competent iconic african heads state african thomas sankara p 
6,"The care of His Royal Highness Prince Khalid Salman, may Allah preserve him, the Ambassador of the Custodian of the Two Holy Mosques"
7,"The legitimacy of the state is achieved by accounting for the killers and the thieves Return of the right to his family I think during the period of Gaddafi rule halal Starting home for the inhabitants of the land does not belong to one of the blood row Hanging by virtue of the revolutionary legitimacy to build Libya begin to account for the act and not reaction Finally,"
8,"The care of His Royal Highness Prince Khalid Salman, may Allah preserve him, the Ambassador of the Custodian of the Two Holy Mosques"
9,"The care of His Royal Highness Prince Khalid Salman, may Allah preserve him, the Ambassador of the Custodian of the Two Holy Mosques"
10,rt evanalomma gaddafi constructed largest irrigation system world providing million cubic meters fre 
11,"The care of His Royal Highness Prince Khalid Salman, may Allah preserve him, the Ambassador of the Custodian of the Two Holy Mosques"
12,rt fricafactszone superb visionary patriotic competent iconic african heads state african thomas sankara p 
13,rt ashhourii explicit incitement assassinate foreign leader allied state common goal leftie 
14,Incitement to kill the governors of a state God preserves them openly
15,rt fricafactszone superb visionary patriotic competent iconic african heads state african thomas sankara p 
16,rt fricafactszone superb visionary patriotic competent iconic african heads state african thomas sankara p 
17,Incitement to kill the governors of a state God preserves them openly
18,rt ashhourii explicit incitement assassinate foreign leader allied state common goal leftie 
19,ambridgeftd orlddementia ruknews lzassociation bloody avidcameron ibya httpsoecbronbe 
20,rt evanalomma gaddafi constructed largest irrigation system world providing million cubic meters fre 
21,rt adelon thopkins don hillary bottoms money stole haitians clean mess she 
22,rt fricafactszone superb visionary patriotic competent iconic african heads state african thomas sankara p 
23,"The care of His Royal Highness Prince Khalid Salman, may Allah preserve him, the Ambassador of the Custodian of the Two Holy Mosques"
24,"The care of His Royal Highness Prince Khalid Salman, may Allah preserve him, the Ambassador of the Custodian of the Two Holy Mosques"
25,Incitement to kill the governors of a state God preserves them openly
26,The political team of Saif al-Islam Gaddafi shows his position to run for the presidency of Libya harmony
27,"The care of His Royal Highness Prince Khalid Salman, may Allah preserve him, the Ambassador of the Custodian of the Two Holy Mosques"
28,Incitement to kill the governors of a state God preserves them openly
29,"The care of His Royal Highness Prince Khalid Salman, may Allah preserve him, the Ambassador of the Custodian of the Two Holy Mosques"
30,"The care of His Royal Highness Prince Khalid Salman, may Allah preserve him, the Ambassador of the Custodian of the Two Holy Mosques"
31,rt fricafactszone superb visionary patriotic competent iconic african heads state african thomas sankara p 
32,Incitement to kill the governors of a state God preserves them openly
33,Zubaida Yulia Timoshenko asked Libya to fund its election campaign to get out Russian dependency Sputnik Ukraine Gaddafi
34,rt ashhourii explicit incitement assassinate foreign leader allied state common goal leftie 
35,"Italian newspaper Almisagirwa General Hafter will discuss the files of senior American officials and with the Prime Minister of Italy visit to Rome, including the migration file that has become clear weakness Fayez Al-Sarraj land"
36,rt fricafactszone superb visionary patriotic competent iconic african heads state african thomas sankara p 
37,Changing the paper currency of the plastic decision of hell and God Gaddafi earlier than his era
38,"The care of His Royal Highness Prince Khalid Salman, may Allah preserve him, the Ambassador of the Custodian of the Two Holy Mosques"
39,educate people 
40,Incitement to kill the governors of a state God preserves them openly
41,arajullah addafistrobert people gaddafi reactionaries 
42,Zubaida Yulia Timoshenko asked Libya to fund its election campaign to get out Russian dependency Sputnik Ukraine Gaddafi
43,"The care of His Royal Highness Prince Khalid Salman, may Allah preserve him, the Ambassador of the Custodian of the Two Holy Mosques"
44,"The care of His Royal Highness Prince Khalid Salman, may Allah preserve him, the Ambassador of the Custodian of the Two Holy Mosques"
45,Incitement to kill the governors of a state God preserves them openly
46,Incitement to kill the governors of a state God preserves them openly
47,"The care of His Royal Highness Prince Khalid Salman, may Allah preserve him, the Ambassador of the Custodian of the Two Holy Mosques"
48,"The care of His Royal Highness Prince Khalid Salman, may Allah preserve him, the Ambassador of the Custodian of the Two Holy Mosques"
49,"The care of His Royal Highness Prince Khalid Salman, may Allah preserve him, the Ambassador of the Custodian of the Two Holy Mosques"
50,Incitement to kill the governors of a state God preserves them openly
51,leaders 
52,rt ibyanaddressjo field marshal haftar receives eu ambassador libya benghazi heddress ibya libyan address journal htt 
53,rt fricafactszone superb visionary patriotic competent iconic african heads state african thomas sankara p 
54,"The care of His Royal Highness Prince Khalid Salman, may Allah preserve him, the Ambassador of the Custodian of the Two Holy Mosques"
55,The Brotherhood tries to convince you that they loved King Abdullah (may Allah have mercy on him) and now they only hate Prince Muhammad Salman and that they were
56,By God the rest of Gaddafi returned
57,Incitement to kill the governors of a state God preserves them openly
58,"The care of His Royal Highness Prince Khalid Salman, may Allah preserve him, the Ambassador of the Custodian of the Two Holy Mosques"
59,By God the rest of Gaddafi returned
60,Incitement to kill the governors of a state God preserves them openly
61,"The care of His Royal Highness Prince Khalid Salman, may Allah preserve him, the Ambassador of the Custodian of the Two Holy Mosques"
62,Incitement to kill the governors of a state God preserves them openly
63,"The care of His Royal Highness Prince Khalid Salman, may Allah preserve him, the Ambassador of the Custodian of the Two Holy Mosques"
64,Former Libyan leader Muammar Gaddafi is an ally of the Iranians during the Iran-Iraq war and supplied with missiles. Iranian military advisers come to Libya with the restrictions of Venezuela allied to Libya.
65,"The care of His Royal Highness Prince Khalid Salman, may Allah preserve him, the Ambassador of the Custodian of the Two Holy Mosques"
66,"The care of His Royal Highness Prince Khalid Salman, may Allah preserve him, the Ambassador of the Custodian of the Two Holy Mosques"
67,"The magic magician turned on the warriors of Arrado taming Qatar, and Qatar turned them around and surrounded them."
68,Incitement to kill the governors of a state God preserves them openly
69,The Brotherhood tries to convince you that they loved King Abdullah (may Allah have mercy on him) and now they only hate Prince Muhammad Salman and that they were
70,rt fricafactszone superb visionary patriotic competent iconic african heads state african thomas sankara p 
71,Libyan political war for Saif al-Gaddafi candidates for election
72,"The care of His Royal Highness Prince Khalid Salman, may Allah preserve him, the Ambassador of the Custodian of the Two Holy Mosques"
73,Incitement to kill the governors of a state God preserves them openly
74,"The care of His Royal Highness Prince Khalid Salman, may Allah preserve him, the Ambassador of the Custodian of the Two Holy Mosques"
75,Zubaida Yulia Timoshenko asked Libya to fund its election campaign to get out Russian dependency Sputnik Ukraine Gaddafi
76,altweet opehat hillary cackled ghoul killing gaddafi roosevelt truman that johnson nixon 
77,rt eliveinuthia meeting gaddafi september bokassa converted to islam and changed salah eddine ahmed 
78,ohnwight acobgreaseddog sure foreign affairs potus decorative useless bonzai tree deep state ways bring line libya massacre initiated sarkozy issues gaddafi electoral contributions illions suitcases 
79,valuing young upcoming film makers brought home kennaebue nigeria exchange knowledge information success ollywood limpopo international film festival call king gaddafi poet ossg httpsolzyzwu iw 
80,"The plan of your Amir Hamad Moamer Kadhafi, who lost the Saudi division and the killing of King Abdullah to the Ashraf of them Can you accept it yourself if you come or boycott us and take your cautious answer frankly and truthfully your ear"
81,"The care of His Royal Highness Prince Khalid Salman, may Allah preserve him, the Ambassador of the Custodian of the Two Holy Mosques"
82,Incitement to kill the governors of a state God preserves them openly
83,Incitement to kill the governors of a state God preserves them openly
84,rt eliveinuthia meeting gaddafi september bokassa converted to islam and changed salah eddine ahmed 
85,rt fricafactszone superb visionary patriotic competent iconic african heads state african thomas sankara p 
86,rt fricafactszone superb visionary patriotic competent iconic african heads state african thomas sankara p 
87,Kadhafi's plan to kill her as a picture of an isolated incident becomes a civil war
88,Did Amir Hamad Khalifa know that his uncle Suhaim Hamad had been killed and his uncle Nasser fired and his father Khalifa Hamad Amir turned over
89,Italian agency unveils visit to Haftar to Rome
90,fricafactszone remove muhamar gaddafi list 
91,rt fricafactszone superb visionary patriotic competent iconic african heads state african thomas sankara p 
92,rt ashhourii explicit incitement assassinate foreign leader allied state common goal leftie 
93,rt fricafactszone superb visionary patriotic competent iconic african heads state african thomas sankara p 
94,Video The delegation of Dr. Saif al-Islam Gaddafi arrives in the Russian capital Moscow to discuss the solution of the Libyan crisis
95,"The care of His Royal Highness Prince Khalid Salman, may Allah preserve him, the Ambassador of the Custodian of the Two Holy Mosques"
96,"The care of His Royal Highness Prince Khalid Salman, may Allah preserve him, the Ambassador of the Custodian of the Two Holy Mosques"
97,rt ashhourii explicit incitement assassinate foreign leader allied state common goal leftie 
98,"Tip of the Libyans Mahtachlu dollar Keep Pi and Diru basket of currencies dollars and dinars and gold because the trickery sneak and the possibility of rising the price of the dollar over ten dinars as long as Libya Mdrsah the UAE boys and Qatar criminal Hafter and the brothers and the darkness are the faces of the currency of unity and governance Mama America, which serves in dollars"
99,Incitement to kill the governors of a state God preserves them openly
100,fficialabc1 enegacy jezebel generation mazwi smanga gaddafi taking ride bad influence daughter  
101,rt ashhourii explicit incitement assassinate foreign leader allied state common goal leftie 
102,The book of the biography of Al-Safi Saeed is considered a great man
103,"The care of His Royal Highness Prince Khalid Salman, may Allah preserve him, the Ambassador of the Custodian of the Two Holy Mosques"
104,"The care of His Royal Highness Prince Khalid Salman, may Allah preserve him, the Ambassador of the Custodian of the Two Holy Mosques"
105,"The care of His Royal Highness Prince Khalid Salman, may Allah preserve him, the Ambassador of the Custodian of the Two Holy Mosques"
106,"As an opposition inside, my political consciousness became convinced that if Gaddafi had gone out of the opposition, the opposition would be extinguished, and the second year would be extinguished, to inflame a culture and a deeper project. The Islamists, including terrorists"
107,"Pass confirms to us to stand Muammar Gaddafi National duty if we left it, because we found proud days"
108,rt fricafactszone superb visionary patriotic competent iconic african heads state african thomas sankara p 
109,"The care of His Royal Highness Prince Khalid Salman, may Allah preserve him, the Ambassador of the Custodian of the Two Holy Mosques"
110,"The care of His Royal Highness Prince Khalid Salman, may Allah preserve him, the Ambassador of the Custodian of the Two Holy Mosques"
111,Incitement to kill the governors of a state God preserves them openly
112,The mystery of the appearance of Gaddafi's Parisian Stadium image restored hope for his returnees Gaddafi Gaddafi Stadium appearance match
113,"The care of His Royal Highness Prince Khalid Salman, may Allah preserve him, the Ambassador of the Custodian of the Two Holy Mosques"
114,Yarebi Qadash I made a video of the young man of Kuwait and his joy with the flag of Independence and described it with the knowledge of the grandchildren of the oppressed.
115,Italy Expanded meeting of the Commander-in-Chief Marshal Khalifa Hafer European Union and American delegations Rome
116,Incitement to kill the governors of a state God preserves them openly
117,The Brotherhood tries to convince you that they loved King Abdullah (may Allah have mercy on him) and now they only hate Prince Muhammad Salman and that they were
118,"I spoke to the peoples and if governments are criminal it is the government of al-Assad Gaddafi and although I hate him but he blessed his people and Vgnasa you know what I mean, the Fgenese came to peaceful demonstrations and says the International Organization for Rotation and Human Rights Mtklmo repression of the demonstrators Vgnasa"
119,Incitement to kill the governors of a state God preserves them openly
120,"The care of His Royal Highness Prince Khalid Salman, may Allah preserve him, the Ambassador of the Custodian of the Two Holy Mosques"
121,Rome and Rome to hold a meeting of Conte and US officials
122,rt fricafactszone superb visionary patriotic competent iconic african heads state african thomas sankara p 
123,"The care of His Royal Highness Prince Khalid Salman, may Allah preserve him, the Ambassador of the Custodian of the Two Holy Mosques"
124,Dementia like Omar Gaddafi same mental Zaq
125,"The care of His Royal Highness Prince Khalid Salman, may Allah preserve him, the Ambassador of the Custodian of the Two Holy Mosques"
126,"The calamities continue to Baghdad, Baghdad to Baghdad, Benghazi and still the good Jay, the late Muammar Gaddafi and Saddam Hussein, Iraq"
127,"The care of His Royal Highness Prince Khalid Salman, may Allah preserve him, the Ambassador of the Custodian of the Two Holy Mosques"
128,rt fricafactszone superb visionary patriotic competent iconic african heads state african thomas sankara p 
129,rt ashhourii explicit incitement assassinate foreign leader allied state common goal leftie 
130,"The care of His Royal Highness Prince Khalid Salman, may Allah preserve him, the Ambassador of the Custodian of the Two Holy Mosques"
131,The Dmartaktin declared the war were working on behalf of the Brotherhood and why the Americans are working with us the strongest factories and high salaries
132,"The care of His Royal Highness Prince Khalid Salman, may Allah preserve him, the Ambassador of the Custodian of the Two Holy Mosques"
133,Incitement to kill the governors of a state God preserves them openly
134,"The care of His Royal Highness Prince Khalid Salman, may Allah preserve him, the Ambassador of the Custodian of the Two Holy Mosques"
135,"The care of His Royal Highness Prince Khalid Salman, may Allah preserve him, the Ambassador of the Custodian of the Two Holy Mosques"
136,Incitement to kill the governors of a state God preserves them openly
137,"The care of His Royal Highness Prince Khalid Salman, may Allah preserve him, the Ambassador of the Custodian of the Two Holy Mosques"
138,buhari pcnigeria learnt reelection negotiable unconstitutional watch unleash gaddafi treatment you soaked dogs baboons blood 
139,"The care of His Royal Highness Prince Khalid Salman, may Allah preserve him, the Ambassador of the Custodian of the Two Holy Mosques"
140,"The care of His Royal Highness Prince Khalid Salman, may Allah preserve him, the Ambassador of the Custodian of the Two Holy Mosques"
141,Video The delegation of Dr. Saif al-Islam Gaddafi arrives in the Russian capital Moscow to discuss the solution of the Libyan crisis
142,rt ashhourii explicit incitement assassinate foreign leader allied state common goal leftie 
143,The Brotherhood tries to convince you that they loved King Abdullah (may Allah have mercy on him) and now they only hate Prince Muhammad Salman and that they were
144,Huffer arrives in Rome for meeting US delegation Italian Prime Minister Giuseppe Conte of Libya
145,"The care of His Royal Highness Prince Khalid Salman, may Allah preserve him, the Ambassador of the Custodian of the Two Holy Mosques"
146,The Brotherhood tries to convince you that they loved King Abdullah (may Allah have mercy on him) and now they only hate Prince Muhammad Salman and that they were
147,"The care of His Royal Highness Prince Khalid Salman, may Allah preserve him, the Ambassador of the Custodian of the Two Holy Mosques"
148,rt fricafactszone superb visionary patriotic competent iconic african heads state african thomas sankara p 
149,rt fricafactszone superb visionary patriotic competent iconic african heads state african thomas sankara p 
150,Incitement to kill the governors of a state God preserves them openly
151,Register here two facts in response to your desire to know Tamim Tamim Bazour the top of the Kingdom of the word Assam Abelis Commission conspiracy Hamad Khalifa Gaddafi to assassinate King Abdullah assassination of our children southern limit Saudi Arabia Bahrain Egypt Kuwait Yemen Oman
152,"The care of His Royal Highness Prince Khalid Salman, may Allah preserve him, the Ambassador of the Custodian of the Two Holy Mosques"
153,dawsari gaddafi saddam honorable 
154,Incitement to kill the governors of a state God preserves them openly
155,Register here for two truths in response to your desire to know Tamim Tamim Bahzour summit with the Kingdom of Asim Abelis paradise
156,"The care of His Royal Highness Prince Khalid Salman, may Allah preserve him, the Ambassador of the Custodian of the Two Holy Mosques"
157,mojuwa america cia admitted double saddam hussein gaddafi gaddafi saddam killed real doubled version give answer 
158,"The care of His Royal Highness Prince Khalid Salman, may Allah preserve him, the Ambassador of the Custodian of the Two Holy Mosques"
159,"The care of His Royal Highness Prince Khalid Salman, may Allah preserve him, the Ambassador of the Custodian of the Two Holy Mosques"
160,"The care of His Royal Highness Prince Khalid Salman, may Allah preserve him, the Ambassador of the Custodian of the Two Holy Mosques"
161,Incitement to kill the governors of a state God preserves them openly
162,Register here for two truths in response to your desire to know Tamim Tamim Bahzour summit with the Kingdom of Asim Abelis paradise
163,Huffer arrives in Rome for meeting US delegation Italian Prime Minister Giuseppe Conte of Libya
164,"The care of His Royal Highness Prince Khalid Salman, may Allah preserve him, the Ambassador of the Custodian of the Two Holy Mosques"
165,rt ashhourii explicit incitement assassinate foreign leader allied state common goal leftie 
166,"The care of His Royal Highness Prince Khalid Salman, may Allah preserve him, the Ambassador of the Custodian of the Two Holy Mosques"
167,Incitement to kill the governors of a state God preserves them openly
168,"The care of His Royal Highness Prince Khalid Salman, may Allah preserve him, the Ambassador of the Custodian of the Two Holy Mosques"
169,"The care of His Royal Highness Prince Khalid Salman, may Allah preserve him, the Ambassador of the Custodian of the Two Holy Mosques"
170,Do not embarrass my sovereignty again So wrote a Turkish newspaper a word Trump said to Salman after we make sure the Saudi king is not only an American factor and proud of a word said by Muammar Gaddafi for them my global position allows to go down to the most intended difference between the worker and the leader picture of your mobile
171,rt fricafactszone superb visionary patriotic competent iconic african heads state african thomas sankara p 
172,News of the entry of water to the Libyan Central Bank of Libya Branch and directed Saddam Hafter to suck the water including
173,"The care of His Royal Highness Prince Khalid Salman, may Allah preserve him, the Ambassador of the Custodian of the Two Holy Mosques"
174,Incitement to kill the governors of a state God preserves them openly
175,Incitement to kill the governors of a state God preserves them openly
176,Gaddafi and the people of Libya were chasing you and every Qatari
177,Incitement to kill the governors of a state God preserves them openly
178,"The care of His Royal Highness Prince Khalid Salman, may Allah preserve him, the Ambassador of the Custodian of the Two Holy Mosques"
179,Incitement to kill the governors of a state God preserves them openly
180,rt ugzynino gaddafi dropping soon supreme cerebral paid full rod by kurse p oundcloud httpso zaa ug 
181,A short article written by the fall of Moamer Kadhafi months ago
182,"The care of His Royal Highness Prince Khalid Salman, may Allah preserve him, the Ambassador of the Custodian of the Two Holy Mosques"
183,A short article written by the fall of Moamer Kadhafi months ago
184,God bless Shi abandons the brothers cry and wring
185,Incitement to kill the governors of a state God preserves them openly
186,"The care of His Royal Highness Prince Khalid Salman, may Allah preserve him, the Ambassador of the Custodian of the Two Holy Mosques"
187,"The care of His Royal Highness Prince Khalid Salman, may Allah preserve him, the Ambassador of the Custodian of the Two Holy Mosques"
188,rt arnuse came saw died came hillary clinton hen stole billion libyan government funds frozen par 
189,Incitement to kill the governors of a state God preserves them openly
190,"The income of Haftar al-Naf, the head of the armed forces, was inaugurated by the head of the House of Representatives"
191,Incitement to kill the governors of a state God preserves them openly
192,Firas Samouri Syria Hafer and Al-Sarraj wrote the way to settle the Libyan conflict
193,rt arnuse hillary clinton main objectives secretary state gaddafi open flow africans eu 
194,Noman Othman Haftar has a strategic goal to reach the pyramid of power and demanded Osman House to carry out his duties and call Hafter for questioning Libya
195,"Between the blunders of politics and the ambitions of hegemony Twenty days will pass Palermo conference Hafar returned yesterday to Rome, a visit to Tehn announced and according to the Italian news agency that there will be two meetings of the US ambassador to Tunisia in charge of the file"
196,"The care of His Royal Highness Prince Khalid Salman, may Allah preserve him, the Ambassador of the Custodian of the Two Holy Mosques"
197,"The care of His Royal Highness Prince Khalid Salman, may Allah preserve him, the Ambassador of the Custodian of the Two Holy Mosques"
198,Incitement to kill the governors of a state God preserves them openly
199,"Now Rabee says they fought outside the original dog and dogs dog Abu Dhabi and in the past they set out to go out like Syria and Libya,"
200,uyverhofstadt exemplify assad gassing people russia annexed crimea russia shot mh iran supporting terrorism gaddafi attacked people white helmets deserve oscar 
201,A short article written by the fall of Moamer Kadhafi months ago
202,Soon will collapse the regimes Almajar lose protection Their allies The regime of Saddam Saleh Gaddafi other will chaos chaos war We see harassment kidnapping Poverty thefts days Imagine the destruction will happen Systems are the preacher
203,"As long as you are driving a person, you are sure they will take a souvenir picture because you are now looking at them. If you are talking about a commandment, no one dares to take a photo with you because you see them as a traitor glorifying the tyrants."
204,"He prays with tenderness and his rights sometimes and sometimes he weeps for obliterating tenderness and theft and robbing its history and capabilities. He wishes that if his rule continues, Gaddafi will be the greatest enemy against me, and he will tell you,"
205,rt lwasatengnews ibya head european union mission meets khalifa aftar enghazi httpsopish x kw https 
206,Incitement to kill the governors of a state God preserves them openly
207,Incitement to kill the governors of a state God preserves them openly
208,"The care of His Royal Highness Prince Khalid Salman, may Allah preserve him, the Ambassador of the Custodian of the Two Holy Mosques"
209,Incitement to kill the governors of a state God preserves them openly
210,Register here for two truths in response to your desire to know Tamim Tamim Bahzour summit with the Kingdom of Asim Abelis paradise
211,rt fricafactszone superb visionary patriotic competent iconic african heads state african thomas sankara p 
212,"The care of His Royal Highness Prince Khalid Salman, may Allah preserve him, the Ambassador of the Custodian of the Two Holy Mosques"
213,rt arnuse hillary clinton main objectives secretary state gaddafi open flow africans eu 
214,rt eportinglibya ibya khalifa haftar head eastern army heading talks rome tomorrow unclear political rivals invit 
215,Incitement to kill the governors of a state God preserves them openly
216,"Just a question to reveal the real concealment of patriotism Is it possible that Khalifah Hafater Libyan people and say what they discussed the Italians on the future of Libya What is the reason for meeting Italy with the US Ambassador Tunisia, of course, there is a Libyan sovereign know what to negotiate Hafter Bay recipe"
217,He brags gently and at times about his rights. He weeps over the blurring and theft of its history and its capabilities.
218,"The care of His Royal Highness Prince Khalid Salman, may Allah preserve him, the Ambassador of the Custodian of the Two Holy Mosques"
219,Camp David The Egyptian army is effective only to protect the parade and the closure of Tahrir Square
220,rt mjalel aftar yrs ago taly igration position promise sho 
221,Just a question to reveal the real cover up patriotism is possible Khalifa Khalaf Hafater Libyan and tell them what the Italians discussed Privilege
222,rt arnuse hillary clinton main objectives secretary state gaddafi open flow africans eu 
223,rt fricafactszone superb visionary patriotic competent iconic african heads state african thomas sankara p 
224,Incitement to kill the governors of a state God preserves them openly
225,rt lwasatengnews ibya head european union mission meets khalifa aftar enghazi httpsopish x kw https 
226,noi malcolm x praisers malcolm x mlk muammar gaddafi catches it black pharaohs deemed irrelevant dos west african ancestors blamed selling slaves entire continent africans criticized peaceful unscathed stop 
227,rt hoebridgec depth report examines chaos carnage corruption deep disillusionment ibya gaddafi overthrow 
228,sankara number 
229,Incitement to kill the governors of a state God preserves them openly
230,"The care of His Royal Highness Prince Khalid Salman, may Allah preserve him, the Ambassador of the Custodian of the Two Holy Mosques"
231,"The care of His Royal Highness Prince Khalid Salman, may Allah preserve him, the Ambassador of the Custodian of the Two Holy Mosques"
232,While the victory of the victory of Gaddafi grades
233,rt fricafactszone superb visionary patriotic competent iconic african heads state african thomas sankara p 
234,Benghazi is desolate;
235,Incitement to kill the governors of a state God preserves them openly
236,"We know the deals of Sarraj, Al Suwaheli, Muaitiq, Al Kubair and others"
237,rt fricafactszone superb visionary patriotic competent iconic african heads state african thomas sankara p 
238,"The care of His Royal Highness Prince Khalid Salman, may Allah preserve him, the Ambassador of the Custodian of the Two Holy Mosques"
239,Incitement to kill the governors of a state God preserves them openly
240,mugabe part list manje ubrothers yeti   
241,Changing the paper currency of the plastic decision of hell and God Gaddafi earlier than his era
242,The position of Saif al - Islam Gaddafi to run for president in Libya
243,Incitement to kill the governors of a state God preserves them openly
244,Incitement to kill the governors of a state God preserves them openly
245,rt fricafactszone superb visionary patriotic competent iconic african heads state african thomas sankara p 
246,True words of love and hate and any statement to them the same meaning and calamity they Vkrin listener wearing a donkey means
247,rt fricafactszone superb visionary patriotic competent iconic african heads state african thomas sankara p 
248,"The care of His Royal Highness Prince Khalid Salman, may Allah preserve him, the Ambassador of the Custodian of the Two Holy Mosques"
249,Incitement to kill the governors of a state God preserves them openly
250,"The care of His Royal Highness Prince Khalid Salman, may Allah preserve him, the Ambassador of the Custodian of the Two Holy Mosques"
251,Incitement to kill the governors of a state God preserves them openly
252,Surely a strange paradox like the paradoxes of Muammar Gaddafi wasted the Libyan people's money people like you and others like you
253,To remind Ben Hafer to stop Benghazi not the opposite
254,Gaddafi is a model
255,Incitement to kill the governors of a state God preserves them openly
256,Register here for two truths in response to your desire to know Tamim Tamim Bahzour summit with the Kingdom of Asim Abelis paradise
257,Gaddafi is a model
258,The owner of your enemy is the millionaires. The billions of billions Libya is a small group. The regime's footnotes are rather pimps with fake companies to cover the deals of the Gaddafi sons.
259,The Brotherhood tries to convince you that they loved King Abdullah (may Allah have mercy on him) and now they only hate Prince Muhammad Salman and that they were
260,O Naaman Cibek Hafter enough spent the state of Kandahar only you sympathizers
261,Incitement to kill the governors of a state God preserves them openly
262,Incitement to kill the governors of a state God preserves them openly
263,"The care of His Royal Highness Prince Khalid Salman, may Allah preserve him, the Ambassador of the Custodian of the Two Holy Mosques"
264,Incitement to kill the governors of a state God preserves them openly
265,Hashish Time of splendor I remember that Gaddafi one of the times Arab radio tried to distort my image focused on me Radio
266,"And God is great that you are sincere, God is happy your heart Faisal Faisal Saad Fulfillment Safieh London is an Iraqi origin and Mncha معاظة سعودي زمان Years named Abdulaziz Al Shanbari expose him Safieh London Yachez Floss Hamad Khalifa and Muammar Gaddafi and Iran to become revolution and divided Saudi Arabia"
267,"In the coming days, we will witness the graduation ceremony of the armed forces units more than a soldier saved by the Field Marshal Khalifa Hafer Libya"
268,Beninah airport sinking and billions of Benghazi budget swallowed by the streams of Saddam Ibn Hafer billion budget Haftar coup
269,The convoy of the thug is going and you do not have a cup of dictatorship dictatorship Marshal of the war of Khalifa Hafter O advocates of freedom and your rule of God and the absence of his time and the homeland of men and you do not have your transfer and your accounts express the direction of your heroes and your children and their family must be buried under the ground their seeds corrupt
270,Incitement to kill the governors of a state God preserves them openly
271,"The care of His Royal Highness Prince Khalid Salman, may Allah preserve him, the Ambassador of the Custodian of the Two Holy Mosques"
272,Hashish Time of splendor I remember that Gaddafi one of the times Arab radio tried to distort my image focused on me Radio
273,"Depth of vision of events and ability Data analysis The art, science,"
274,Trustworthy
275,Incitement to kill the governors of a state God preserves them openly
276,Incitement to kill the governors of a state God preserves them openly
277,rt fricafactszone superb visionary patriotic competent iconic african heads state african thomas sankara p 
278,"The care of His Royal Highness Prince Khalid Salman, may Allah preserve him, the Ambassador of the Custodian of the Two Holy Mosques"
279,"Oh God, I keep the great Libyan people, the thief, the American citizen, the place where the Hague tribunal is the war criminals"
280,rt lwasatengnews ibya head european union mission meets khalifa aftar enghazi httpsopish x kw https 
281,A short article written by the fall of Moamer Kadhafi months ago
282,rt ashhourii explicit incitement assassinate foreign leader allied state common goal leftie 
283,rt fricafactszone superb visionary patriotic competent iconic african heads state african thomas sankara p 
284,Incitement to kill the governors of a state God preserves them openly
285,"Haha, let him take off, hear the recording of Hamdine Gaddafi and know the filthy truth"
286,Italian newspaper Hafeter Rome to put an end to the lamp
287,"The care of His Royal Highness Prince Khalid Salman, may Allah preserve him, the Ambassador of the Custodian of the Two Holy Mosques"
288,Incitement to kill the governors of a state God preserves them openly
289,"In the coming days, we will witness the graduation ceremony of the armed forces units more than a soldier, God save the commander of our army Field Marshal Khalifa Hafer Libya"
290,Incitement to kill the governors of a state God preserves them openly
291,"The care of His Royal Highness Prince Khalid Salman, may Allah preserve him, the Ambassador of the Custodian of the Two Holy Mosques"
292,"Gaddafi has stolen the Libyan people's money, but stole the form of the state system of government, turning Libya's constitutional monarchy into a popular mass and from a ministerial system to a chaotic partnership. Yes, Sadaf Gaddafi said the first mass of history ruled the people of a book and theory governing the constitution and the law"
293,"The care of His Royal Highness Prince Khalid Salman, may Allah preserve him, the Ambassador of the Custodian of the Two Holy Mosques"
294,I liked the video attributed to the leader Muammar Gaddafi
295,"Gaddafi steals the Libyan people's money, but stole the form of the state and the regime of government, turning Libya's constitutional monarchy into a popular mass and from a presidential ministerial system to a chaotic involvement. Yes, Gaddafi believed the first mass of history ruled the people of a book and theory governing the constitution and the law"
296,The Brotherhood tries to convince you that they loved King Abdullah (may Allah have mercy on him) and now they only hate Prince Muhammad Salman and that they were
297,"What do you mean? You mean, you are really mad. You have a delicious milk on you. Milk of the donkeys. I heard the recordings of the infidel Hamad Khalifeh and Hamad Jassim and how they were conspiring against Gaddafi, King Abdullah, may Allah have mercy on him. And with the Shiites of Qatif and Bahrain, and on top of us."
298,Register here for two truths in response to your desire to know Tamim Tamim Bahzour summit with the Kingdom of Asim Abelis paradise
299,Incitement to kill the governors of a state God preserves them openly
300,"The care of His Royal Highness Prince Khalid Salman, may Allah preserve him, the Ambassador of the Custodian of the Two Holy Mosques"
301,"And here you mentioned that you objected to the overthrow of Gaddafi tried to assassinate King Abdullah cleanse stains, which colluded the regime of Qatar, which in turn turned and which in your view an enemy of America Saudi Arabia dropped by America"
302,"In the presence of Egypt, Egypt, Italy, Cyprus, Greece, Germany, Mestral, Frem, Coffitt, Molina, and German submarines."
303,Video The delegation of Dr. Saif al-Islam Gaddafi arrives in the Russian capital Moscow to discuss the solution of the Libyan crisis
304,"The care of His Royal Highness Prince Khalid Salman, may Allah preserve him, the Ambassador of the Custodian of the Two Holy Mosques"
305,"The care of His Royal Highness Prince Khalid Salman, may Allah preserve him, the Ambassador of the Custodian of the Two Holy Mosques"
306,"Glory be to God, murder and destruction of those who fear Allah and say the word of truth, God testifies and the angels write the destruction Sham Bashar al - Alawi with the help of Iran and the killing and oppression Egypt because of the Sisi regime Libya thanks to the aid of a cow and all are not brothers"
307,Incitement to kill the governors of a state God preserves them openly
308,haftar meet conte rome thursday httpso kspbaqfe 
309,Join Saif al-Islam's vote. Do you support Saif al-Islam al-Gaddafi as head of state reconstruction and completion of Libya's future projects?
310,rt illywmasara muammar gaddafi great mistake made ibyans frica agame progressive olerable dict 
311,Italian newspaper Hafeter Rome to put an end to the lamp
312,Mani lied to the Libyan coup d'etat Muammar Gaddafi. What happened? Why? I wrote it. If you ask me. You are the Libyan coup. I tell you that Muammar Gaddafi lost his legitimacy as governor.
313,Video The delegation of Dr. Saif al-Islam Gaddafi arrives in the Russian capital Moscow to discuss the solution of the Libyan crisis
314,Waiting for all 
315,The entry of Haftar Gulo to Aqeelah Saleh
316,"May Allah have mercy on us, and yes, the agent of the mercy of Allah Muammar Gaddafi"
317,"What do you think of your Mawlkm Qaradawi kill Gaddafi Bouti support Bashar al-Assad Is the Prophet's year calls for the exit of the governors, God rewarded him justice"
318,fricafactszone u don nigerian leaders qualify one gaddafi list 
319,Incitement to kill the governors of a state God preserves them openly
320,rt ixiedoodle anon ordicon izcrokin fbi docs david ben gurion ordered fk hit etanyahu uncle israel st pm v 
321,Incitement to kill the governors of a state God preserves them openly
322,"The care of His Royal Highness Prince Khalid Salman, may Allah preserve him, the Ambassador of the Custodian of the Two Holy Mosques"
323,Incitement to kill the governors of a state God preserves them openly
324,rt fricafactszone superb visionary patriotic competent iconic african heads state african thomas sankara p 
325,"The care of His Royal Highness Prince Khalid Salman, may Allah preserve him, the Ambassador of the Custodian of the Two Holy Mosques"
326,Libyan minister reveals the truth of the presentation of Saif al-Islam Gaddafi is running for president Russia
327,"The care of His Royal Highness Prince Khalid Salman, may Allah preserve him, the Ambassador of the Custodian of the Two Holy Mosques"
328,rt evanalomma gaddafi constructed largest irrigation system world providing million cubic meters fre 
329,rt fricafactszone superb visionary patriotic competent iconic african heads state african thomas sankara p 
330,People who follow the towers Are you naive to the degree of Gaddafi's voice
331,Incitement to kill the governors of a state God preserves them openly
332,rt ixiedoodle anon ordicon izcrokin fbi docs david ben gurion ordered fk hit etanyahu uncle israel st pm v 
333,rt ixiedoodle anon ordicon izcrokin fbi docs david ben gurion ordered fk hit etanyahu uncle israel st pm v 
334,"Gaddafi, may God have mercy on him, says one million barrels of oil goes to Arab oil for America, and the Saudi people are poor, sharpen and live"
335,Not Ataturk alone All the Arab rulers like Bourguiba Gaddafi Abdel Nasser Al - Assad corrupt families Gulf
336, erohedge obama arming terrorists overthrow assad gaddafi 
337,People who follow the towers Are you naive to the degree of Gaddafi's voice
338,Hafer meets Italian PM tomorrow
339,libyan settlement khalifa haftar fayez m alarraj losed meeting sidelines httpsow rghptxs 
340,"Exclude one of these imitating themselves and the people's guardians Libyan scene and the two thousand and just salvation My truth in you the state of the desert, which means you yourself"
341,"The care of His Royal Highness Prince Khalid Salman, may Allah preserve him, the Ambassador of the Custodian of the Two Holy Mosques"
342,"The care of His Royal Highness Prince Khalid Salman, may Allah preserve him, the Ambassador of the Custodian of the Two Holy Mosques"
343,rt fricafactszone superb visionary patriotic competent iconic african heads state african thomas sankara p 
344,scenes trump funeral httpsotkrxskab httpsoccticaqp 
345,The Brotherhood tries to convince you that they loved King Abdullah (may Allah have mercy on him) and now they only hate Prince Muhammad Salman and that they were
346,"The care of His Royal Highness Prince Khalid Salman, may Allah preserve him, the Ambassador of the Custodian of the Two Holy Mosques"
347,Incitement to kill the governors of a state God preserves them openly
348,rt ixiedoodle anon ordicon izcrokin fbi docs david ben gurion ordered fk hit etanyahu uncle israel st pm v 
349,The political team of Saif al-Islam Gaddafi shows his position to run for the presidency of Libya harmony
350,"The care of His Royal Highness Prince Khalid Salman, may Allah preserve him, the Ambassador of the Custodian of the Two Holy Mosques"
351,Register here for two truths in response to your desire to know Tamim Tamim Bahzour summit with the Kingdom of Asim Abelis paradise
352,Freedom of speech Sayed Mohamed Haq But you are lying here the defect and especially the blood of Naumann hurt himself Maisah Li Hafter and people say Beer drink from him squatting in the hatching life Start imagining yourself a person who combines the orientations of the grassroots public February Karma dogs shadow
353,libyan settlement khalifa haftar fayez m alarraj losed meeting sidelines httpsolo xnzecg 
354,Incitement to kill the governors of a state God preserves them openly
355,rt eportinglibya ibya khalifa haftar head eastern army heading talks rome tomorrow unclear political rivals invit 
356,A short article written by the fall of Moamer Kadhafi months ago
357,"The care of His Royal Highness Prince Khalid Salman, may Allah preserve him, the Ambassador of the Custodian of the Two Holy Mosques"
358,Incitement to kill the governors of a state God preserves them openly
359,"The care of His Royal Highness Prince Khalid Salman, may Allah preserve him, the Ambassador of the Custodian of the Two Holy Mosques"
360,"The Italian Aki agency Khalifa Hafer arrived in Rome in secret for the meetings of the Italian Prime Minister and the Ambassador of America, Tunisia, in charge of the Libyan file"
361,Conspiracy Gaddafi cleans up the rain of twenty years
362,rt fricafactszone superb visionary patriotic competent iconic african heads state african thomas sankara p 
363,"The care of His Royal Highness Prince Khalid Salman, may Allah preserve him, the Ambassador of the Custodian of the Two Holy Mosques"
364,Incitement to kill the governors of a state God preserves them openly
365,Incitement to kill the governors of a state God preserves them openly
366,Incitement to kill the governors of a state God preserves them openly
367,Just a question to reveal the real cover up patriotism is possible Khalifa Khalaf Hafater Libyan and tell them what the Italians discussed Privilege
368,"The care of His Royal Highness Prince Khalid Salman, may Allah preserve him, the Ambassador of the Custodian of the Two Holy Mosques"
369,Allah is superior to him. He is the one who supports him. He is the one who opposes the Saudis and opposes his decisions until the end.
370,sir seretse khama otswana president included 
371,Italian agency unveils visit to Haftar to Rome
372,thomas sankara favourite 
373,Lion Muammar Gaddafi Hyenas are brutally attacked
374,libyan settlement khalifa haftar fayez m alarraj losed meeting he sidelines httpsonohw opbz httpsoaor lzzc 
375,We appreciate Saif al-Islam Gaddafi
376,They were puppets Gaddafi bought and sold them riding the tide and turn
377,ussiawithoutbs haranskywailer larkemicah ataliaantonova conviniently lybia bombed gaddafi killed announced moving dollar gold backed currencylso terrorist attacks moscow lybians france cos bomb them photo exists video wannalink httpsol zy dwcb 
378,halifa haftar expanding control libya foreign powers starting embrace him gains sway fights islamist militias expands control warring oilich nation httpsow x k f 
379,rt evanalomma gaddafi constructed largest irrigation system world providing million cubic meters fre 
380,They were puppets Gaddafi bought and sold them riding the tide and turn
381,Incitement to kill the governors of a state God preserves them openly
382,"The Italian agency Aki Khalifa Hafer arrived in Rome in secret for the meetings of the Italian Prime Minister and the Ambassador of America to Tunisia, charged with funding"
383,rt ashhourii explicit incitement assassinate foreign leader allied state common goal leftie 
384,"The care of His Royal Highness Prince Khalid Salman, may Allah preserve him, the Ambassador of the Custodian of the Two Holy Mosques"
385,rt fricafactszone superb visionary patriotic competent iconic african heads state african thomas sankara p 
386,Allah 's curse is the disbelievers
387,God is superior arbitrator download it and they deny and deny God and God is the best of machiners Mkr on the land of unification
388,Gaddafi gold stocks went to the emirates
389,"Khalifa Belkacem Hafer, with the help of Kano Libya, is a heir who was kept by his father and has a certificate of ownership with a disposition"
390,A group of multiples and daughters of halal
391,Incitement to kill the governors of a state God preserves them openly
392,Dogs are a handful They are the dogs of Sisi they are dog dogs only
393,"What do you do by conspiring against the people of Qatar? He loves the Saudi problem with the people of Qadhafi, near the demise of Saudi Arabia, the province with the greatest decade"
394,"My sister is jealous of the surname of Libya, built by the king for the holy, forgive me, because I find the name of the current situation, is it a revolution or a catastrophe or a conspiracy or a scourge, so I have to look back Gaddafi, his era is over and I am an educated human being."
395,"The care of His Royal Highness Prince Khalid Salman, may Allah preserve him, the Ambassador of the Custodian of the Two Holy Mosques"
396,The whole of Madras al-Madras infrastructure Paris
397,include uk puppet masters israeladdafi gonow federal bankfull liybas money goldlots free oil too 
398,"My sister is jealous of Libya, built by the king for Kaddafi forgive me because I find m"
399,"The care of His Royal Highness Prince Khalid Salman, may Allah preserve him, the Ambassador of the Custodian of the Two Holy Mosques"
400,"I just want you and you stab your death and crush your hatred on Hafer I'm looking for the truth. I'm Kfidrali, I do not like Tripoli, Ali, the city and the Central Tribe, I hurt Tripoli and its people, benefiting from a category that pays you like you. I have the right to protect your country."
401,Incitement to kill the governors of a state God preserves them openly
402,rt fricafactszone superb visionary patriotic competent iconic african heads state african thomas sankara p 
403,Incitement to kill the governors of a state God preserves them openly
404,Incitement to kill the governors of a state God preserves them openly
405,Incitement to kill the governors of a state God preserves them openly
406,"The care of His Royal Highness Prince Khalid Salman, may Allah preserve him, the Ambassador of the Custodian of the Two Holy Mosques"
407,hedailybeast feel bad war criminal lost war criminal father heaven saddam hussein muammar gaddafi jesus bless 
408,Incitement to kill the governors of a state God preserves them openly
409,Incitement to kill the governors of a state God preserves them openly
410,Incitement to kill the governors of a state God preserves them openly
411,bcworld sat left side pussy grabber programmed robot addafi killer book seller office blow jobber russian investigator ramble queen elizabeth iv httpsoxcb nnuxi httpsohg tcbkem 
412,Incitement to kill the governors of a state God preserves them openly
413,Incitement to kill the governors of a state God preserves them openly
414,Incitement to kill the governors of a state God preserves them openly
415,Mohammed al-Qilushi Saif al-Islam Gaddafi confirms his support for the road map works by Ghassan Salama Libya and held a mosque for all parties
416,rt fricafactszone superb visionary patriotic competent iconic african heads state african thomas sankara p 
417,Incitement to kill the governors of a state God preserves them openly
418,rt herifabdulwan bcworld sat left side pussy grabber programmed robot addafi killer book s 
419,Incitement to kill the governors of a state God preserves them openly
420,The hands of the Russians and the Egyptians are being pulled
421,Incitement to kill the governors of a state God preserves them openly
422,rt ashhourii explicit incitement assassinate foreign leader allied state common goal leftie 
423,Incitement to kill the governors of a state God preserves them openly
424,rt ixiedoodle12  linahere otus gaddafi told y assas fk  fk rightly insistedonitoring israel dimona planthot making nuc  
425,A short article written by the fall of Moamer Kadhafi months ago
426,rt ixiedoodle12  linahere otus gaddafi told y assas fk  fk rightly insistedonitoring israel dimona planthot making nuc  
427,rt fricafactszone superb visionary patriotic competent iconic african heads state african thomas sankara p 
428,"The care of His Royal Highness Prince Khalid Salman, may Allah preserve him, the Ambassador of the Custodian of the Two Holy Mosques"
429,rt ashhourii explicit incitement assassinate foreign leader allied state common goal leftie 
430,rt nsidelibya call international community situation arnah ibya urge aftar na 
431,rt anessatomass participate national conference real challenge elections march 
432,Incitement to kill the governors of a state God preserves them openly
433,Incitement to kill the governors of a state God preserves them openly
434,rt anessatomass reliable sources marshall khalifa haftar arrive palermo tonight tomorrow morning aftar aler 
435,rt ashhourii explicit incitement assassinate foreign leader allied state common goal leftie 
436,rt fricafactszone superb visionary patriotic competent iconic african heads state african thomas sankara p 
437,And launched his income Hafter Hafter Shen Yibi manages Yilm and God and God
438,Incitement to kill the governors of a state God preserves them openly
439,Incitement to kill the governors of a state God preserves them openly
440,Any God the right of God and forgive
441,itzosligo dictatorland men stole africa vood lbeit long book gaddafi mugabe zuma powerorth read 
442,Lula Muammar Gaddafi Al-Fateh Tower was the most prominent landmark of the capital Tabiya height of the surface of the earth
443,"Messages of the reconstruction of Benghazi University, the base of the reach of the reasonable Fajr Hishm Jafra Hafar and his son robbery Central two dimensions to save the price of maintenance University and God Park God Alsaraj Mzaybh base has a decency"
444,"The care of His Royal Highness Prince Khalid Salman, may Allah preserve him, the Ambassador of the Custodian of the Two Holy Mosques"
445,Incitement to kill the governors of a state God preserves them openly
446,rt eportinglibya ibya khalifa haftar head eastern army heading talks rome tomorrow unclear political rivals invit 
447,Incitement to kill the governors of a state God preserves them openly
448,rt eportinglibya ibya italian journalist aganodritto covering unfolding developments haftar meeting italian pm set for 
449,The Brotherhood tries to convince you that they loved King Abdullah (may Allah have mercy on him) and now they only hate Prince Muhammad Salman and that they were
450,Gaddafi
451,They raised the fuel subsidy imposed by the people to know his father's father and demanding the return of Colonel Colonel Muammar Gaddafi or any extent of his joy as he died God
452,rt fricafactszone superb visionary patriotic competent iconic african heads state african thomas sankara p 
453,The same message left Gaddafi Libya will be fire red donkey
454,rt anessatomass real military link haftar proaddafi libyan tribes libyan and 
455,rt lwasatengnews ibya head european union mission meets khalifa aftar enghazi httpsopish x kw https 
456,Incitement to kill the governors of a state God preserves them openly
457,rt anessatomass read conversation w jalal alarshefani tripoli revolutionaries brigade rb alliances yesterda 
458,rt ashhourii explicit incitement assassinate foreign leader allied state common goal leftie 
459,Italian newspaper Hafeter Rome to put an end to the lamp
460,The hands of the Russians and the Egyptians are being pulled
461,rt fricafactszone superb visionary patriotic competent iconic african heads state african thomas sankara p 
462,Incitement to kill the governors of a state God preserves them openly
463,rt anessatomass panel experts document revealed end na brigade command saddam khalifa ha 
464,The delegation of Dr. Saif al - Islam Gaddafi in Moscow to discuss the settlement Libya Libya
465,"My Lord delivers you, O Khawi, we witness God, they are abusing the followers of the hell of the prison of Abu Salim"
466,The head of the government of the nearby residence of the monastery of Deir Ziadeh to Benghazi Al-Matara last monastery visit to the south of the city of Lu city of your head base costume game uses Hafter and salvation
467,field marshal khalifa aftar arrived italian capital twoay visit hold separate meetings united states ambassador tunis david robinson on wednesday italy prime minister giuseppe onte thursday oma ibya httpsocjhnzfeaq 
468,rt fricafactszone superb visionary patriotic competent iconic african heads state african thomas sankara p 
469,rt lnabaan saif addafi sends ibya crisis solution oscow httpsoienep qav httpsogougddx y 
470,rt fricafactszone superb visionary patriotic competent iconic african heads state african thomas sankara p 
471,rt ashhourii explicit incitement assassinate foreign leader allied state common goal leftie 
472,rt fricafactszone superb visionary patriotic competent iconic african heads state african thomas sankara p 
473,"The care of His Royal Highness Prince Khalid Salman, may Allah preserve him, the Ambassador of the Custodian of the Two Holy Mosques"
474,rt wpscumbags ambridgeftd orlddementia ruknews lzassociation bloody avidcameron ibya httpsoecbronbe 
475,rt lexscipione  italian newspaper lmessaggeroit aftar ome talks s  ambassador unisia   taly  
476,rt ashhourii explicit incitement assassinate foreign leader allied state common goal leftie 
477,rt avederna aftar claimed victory erna air artillery ombing continue mass arrests civilians 
478,Incitement to kill the governors of a state God preserves them openly
479,rt lexscipione  italian newspaper lmessaggeroit aftar ome talks s  ambassador unisia   taly  
480,ahly benghazi created impulsion party late omar mukhtar famous libyan political hero fought italian colonizationuring gaddafi era club banned fews donkey incident afcl httpso fdbrkg 
481,Incitement to kill the governors of a state God preserves them openly
482,Just a question to reveal the real cover up patriotism is possible Khalifa Khalaf Hafater Libyan and tell them what the Italians discussed Privilege
483,Our support for Iraq and turned on us our support of the Palestinians and turned on us our support of Yemen and turned on us but the wisdom of Allah Shouf who conspired against us how to end them Saddam Gaddafi Saleh and others many of the Jewish public Ufa and Ashraf many of whom we would say brothers
484,rt fricafactszone superb visionary patriotic competent iconic african heads state african thomas sankara p 
485,"Kadhafi is just a small schoolgirl of tyranny who loves the threshold, compared to Zayed and their derivatives"
486,rt fricafactszone superb visionary patriotic competent iconic african heads state african thomas sankara p 
487,Like the praise of Saddam Hussein as well as the praise of Erdogan and Muammar Gaddafi
488,Incitement to kill the governors of a state God preserves them openly
489,rt fricafactszone superb visionary patriotic competent iconic african heads state african thomas sankara p 
490,uyverhofstadt hating asshole r love w u u r r entire country lendvai soros assplug u u well u happening paris lately brexit u r popular mussolini saddam hussein gaddafi 
491,ahly benghazi created shadow party late omar mukhtar famous libyan hero fought italian colonizationuring gaddafi era club banned years donkey incident tumultuous club afcl httpso fdbrkg 
492,rt ashhourii explicit incitement assassinate foreign leader allied state common goal leftie 
493,rt ashhourii explicit incitement assassinate foreign leader allied state common goal leftie 
494,"The Italian agency Aki Khalifa Hafer arrived in Rome in secret for the meetings of the Italian Prime Minister and the Ambassador of America to Tunisia, charged with funding"
495,Just a question to reveal the real cover up patriotism is possible Khalifa Khalaf Hafater Libyan and tell them what the Italians discussed Privilege
496,rt averburghtimes interesting commentary makes think httpsokxbjhcesz 
497,"The care of His Royal Highness Prince Khalid Salman, may Allah preserve him, the Ambassador of the Custodian of the Two Holy Mosques"
498,A short article written by the fall of Moamer Kadhafi months ago
499,rt fricafactszone superb visionary patriotic competent iconic african heads state african thomas sankara p 
