Tweet is irrelevant, rt chrislucasforus mrsz maga dmshockley frankdoolin warlorddaddy naldrettpat lorilnoel larryjo ronmyers suziemccloud 
Tweet is irrelevant,"rest iran, qatar party allah remind events part part malignant scheme. blame common malicious scheme working years shown billions sight eye, become ashes. brask palm"
Tweet is irrelevant,"travel expenses unit travel alsaraj group able convert gatt city god ghalib gaddafi, guys accounts completed group tuh allah seeker"
Tweet is irrelevant,wl
Tweet is irrelevant,"street, saw hanging house street, large picture sisi qadhafi, written late leader gadhafi,"
Tweet is irrelevant,"handed army security turkmen al-a'ajj. martyred lap sharifa anseltm arabism shymtek. turned province persians. vowed kill king abdullah, may god mercy him, betrayed ally qadhafi, honor say you?"
Tweet is irrelevant, rt iyad elbaghdadi came seemingly nowhere return way came thought terrifies arab dictators le 
Tweet is irrelevant,"owners saw money nothing killing khashoggi evidence one killed mu sends one killed consulate shwe say killed kadhafi day said last country khantu bread salt us see god god,"
Tweet is irrelevant,barqa soon turns museum handicaps mabash hasebna seen today fatigue
Tweet is irrelevant,"qatar cheat betray neighbors, sunnis qatar conspire gaddafi plan assassinate king abdullah bin abdul aziz, may allah mercy him, qatar conspire bahraini opposition fueling demonstrations bahrain qatar support iranian huthi militias qatar support baath rule"
Tweet is irrelevant, rt trumparmy frozenf hillary created crisis fundamentaltransformation bluestatesos https co lv vzmgu https co 
Tweet is irrelevant,"march hamdin betrayal management gaddafi assassination king abdullah, may allah mercy jay tsui clean, terrorist"
Tweet is irrelevant,"street, saw hanging house street, large picture sisi qadhafi, written late leader gadhafi,"
Tweet is irrelevant,"abhorred talking interview two sides turks, saudis ignored masters. mercenary enemies country, ahbel, abit, sisi, bin salman, bin zayed, haftar, bashar, others. invoked"
Tweet is irrelevant,port aden airport raya disrupted
Tweet is irrelevant, rt iyad elbaghdadi came seemingly nowhere return way came thought terrifies arab dictators le 
Tweet is irrelevant,"street, saw hanging house street, large picture sisi qadhafi, written late leader gadhafi,"
Tweet is irrelevant,"sami, invite live body father sultan qaboos tranquility god surround care keep care hate"
Tweet is irrelevant,"meeting today gulf cooperation council listened leader muammar gaddafi, enough trump entered two holy mosques danced shame shame"
Tweet is irrelevant,glory returned halkalam god rassna iftr know sheet attractive
Tweet is irrelevant,"street, saw hanging house street, large picture sisi qadhafi, written late leader gadhafi,"
Tweet is irrelevant,هههههههههههههه شن دخل الأخوان ونتو similar threads thread thread starter forum replies last post times gmt +3.
Tweet is irrelevant,"aqaq plotting gaddafi us, turned traitor rihanna yakhona qatar god dismantles qatar people qatar scheming god, ask understand go qatar,"
Tweet is irrelevant,"god preoccupied yamertzk hand returned masters, magi zionists, country bite zionists, thank god donkey doubts registration ruler qatar gaddafi call public recognition relationship zionists zionist zionist delegation receive called"
Tweet is irrelevant,god takes jakhin like socket gaddafi khonne arabs madri blood farsi ajami turki jakhsrh shammag headband god shown us wonders power
Tweet is irrelevant,"yes, handful"
Tweet is irrelevant, rt iyad elbaghdadi came seemingly nowhere return way came thought terrifies arab dictators le 
Tweet is irrelevant, rt samehabouelkhie reuters april french president agreed supply protesters weapons libya liby 
Tweet is irrelevant, rt samehabouelkhie reuters april french president agreed supply protesters weapons libya liby 
Tweet is irrelevant, rt samehabouelkhie reuters april french president agreed supply protesters weapons libya liby 
Tweet is irrelevant,"kingdom saudi arabia people done great good palestine welcomed palestinians kingdom work without restrictions. unfortunately, great majority palestinians hoping destruction destruction country two holy mosques."
Tweet is irrelevant,"yashich yusuf advice face god please accept least retreat one causes happening arab muslim countries wars destruction, killing displacement incitement hope god repent face lord neck blood, including blood gaddafi ask god us good end"
Tweet is irrelevant, rt samehabouelkhie reuters april french president agreed supply protesters weapons libya liby 
Tweet is irrelevant,"saddam khalid awlad haftar get promotions higher ranks, wounded hafar's soldiers rewarded negligence pork saw complaint"
Tweet is irrelevant,"allah, return life tortured death, may god mercy yes, agent you, qaradawi"
Tweet is irrelevant, rt samehabouelkhie reuters april french president agreed supply protesters weapons libya liby 
Tweet is irrelevant,money achievement betrayal intervention affairs saudi arabia dialogue gaddafi assassination king abdullah may allah mercy
Tweet is irrelevant,"oh god, show us criminal saw gaddafi ali abdullah saleh"
Tweet is irrelevant, rt samehabouelkhie reuters april french president agreed supply protesters weapons libya liby 
Tweet is irrelevant,"street, saw hanging house street, large picture sisi qadhafi, written late leader gadhafi,"
Tweet is irrelevant,kill old pyramid unjust muslims fatwa beginning arab fire ask god make destiny gaddafi's fate
Tweet is irrelevant,"king kings africa leader revolution conqueror imam muslims dean rulers gaddafi god, great"
Tweet is irrelevant, rt noncomplyinwolf si g jw wood yvonnegetcarter fleurcompassion steve starrchildddddd pwoodfall ohroyalone dragonsoul 
Tweet is irrelevant, rt noncomplyinwolf si g jw wood yvonnegetcarter fleurcompassion steve starrchildddddd pwoodfall ohroyalone dragonsoul 
Tweet is irrelevant, rt noncomplyinwolf si g jw wood yvonnegetcarter fleurcompassion steve starrchildddddd pwoodfall ohroyalone dragonsoul 
Tweet is irrelevant,"no, god gaddafi much azin belt"
Tweet is irrelevant,"relationship iran gaddafi attempt assassinate king abdullah, may allah mercy him, kill gaddafi, play narration state qatar betrayal yemen egypt, support victory spirit. seek support terrorism qatar ruins arab world."
Tweet is irrelevant, rt samehabouelkhie reuters april french president agreed supply protesters weapons libya liby 
Tweet is irrelevant, rt dixiedoodle qanon cordicon lizcrokin fbi docs say david ben gurion ordered jfk hit netanyahu uncle israel st pm v 
Tweet is irrelevant,"kadhafi, like love desert, falcons, camping king"
Tweet is irrelevant, rt samehabouelkhie reuters april french president agreed supply protesters weapons libya liby 
Tweet is irrelevant, rt dixiedoodle qanon cordicon lizcrokin fbi docs say david ben gurion ordered jfk hit netanyahu uncle israel st pm v 
Tweet is irrelevant, rt samehabouelkhie reuters april french president agreed supply protesters weapons libya liby 
Tweet is irrelevant, rt iyad elbaghdadi came seemingly nowhere return way came thought terrifies arab dictators le 
Tweet is irrelevant,"street, saw hanging house street, large picture sisi qadhafi, written late leader gadhafi,"
Tweet is irrelevant, rt noncomplyinwolf si g jw wood yvonnegetcarter fleurcompassion steve starrchildddddd pwoodfall ohroyalone dragonsoul 
Tweet is irrelevant, rt noncomplyinwolf si g jw wood yvonnegetcarter fleurcompassion steve starrchildddddd pwoodfall ohroyalone dragonsoul 
Tweet is irrelevant, rt samehabouelkhie reuters april french president agreed supply protesters weapons libya liby 
Tweet is irrelevant,laughing lola floshm nakdlk state accept enter gaddafi sincerity followed named pigs island
Tweet is irrelevant, rt samehabouelkhie reuters april french president agreed supply protesters weapons libya liby 
Tweet is irrelevant, rt noncomplyinwolf si g jw wood yvonnegetcarter fleurcompassion steve starrchildddddd pwoodfall ohroyalone dragonsoul 
Tweet is irrelevant, rt noncomplyinwolf si g jw wood yvonnegetcarter fleurcompassion steve starrchildddddd pwoodfall ohroyalone dragonsoul 
Tweet is irrelevant,martyrdom zain al-khajkhaj fought gaddafi kharaj state organization martyred militias hafar al-muqallab state february revolution.
Tweet is irrelevant, rt noncomplyinwolf si g jw wood yvonnegetcarter fleurcompassion steve starrchildddddd pwoodfall ohroyalone dragonsoul 
Tweet is irrelevant, rt noncomplyinwolf si g jw wood yvonnegetcarter fleurcompassion steve starrchildddddd pwoodfall ohroyalone dragonsoul 
Tweet is irrelevant, rt samehabouelkhie reuters april french president agreed supply protesters weapons libya liby 
Tweet is irrelevant,"street, saw hanging house street, large picture sisi qadhafi, written late leader gadhafi,"
Tweet is irrelevant,woe abomination sin far islamic religion tolerant void
Tweet is irrelevant,sheikh arab sheikhs one influenced brother kadhafi
Tweet is irrelevant,"street, saw hanging house street, large picture sisi qadhafi, written late leader gadhafi,"
Tweet is irrelevant, rt samehabouelkhie reuters april french president agreed supply protesters weapons libya liby 
Tweet is irrelevant,"street, saw hanging house street, large picture sisi qadhafi, written late leader gadhafi,"
Tweet is irrelevant,yachekh taller libyan state qadhafi era criticizes
Tweet is irrelevant, rt samehabouelkhie reuters april french president agreed supply protesters weapons libya liby 
Tweet is irrelevant,"street, saw hanging house street, large picture sisi qadhafi, written late leader gadhafi,"
Tweet is irrelevant, rt menabster arab muslim leaders always fall trick us israel handlers latest exhibit mbs ibn saud yemenge 
Tweet is irrelevant, rt mufowethu vusinyamazana matigary kmutisi list includes nicaragua venezuela africa ghana nkrumah zaire lumumba 
Tweet is irrelevant,god bless
Tweet is irrelevant,"brotherhood tries convince loved king abdullah, may god mercy him, hate prince muhammad bin salman"
Tweet is irrelevant,"saddam khalid awlad haftar get promotions higher ranks, wounded hafar's soldiers rewarded negligence pork saw complaint"
Tweet is irrelevant, rt samehabouelkhie reuters april french president agreed supply protesters weapons libya liby 
Tweet is irrelevant, rt mufowethu vusinyamazana matigary kmutisi list includes nicaragua venezuela africa ghana nkrumah zaire lumumba 
Tweet is irrelevant,wl
Tweet is irrelevant, rt iyad elbaghdadi came seemingly nowhere return way came thought terrifies arab dictators le 
Tweet is irrelevant,"brotherhood tries convince loved king abdullah, may god mercy him, hate prince muhammad bin salman"
Tweet is irrelevant, rt iyad elbaghdadi came seemingly nowhere return way came thought terrifies arab dictators le 
Tweet is irrelevant,"peace upon rest god mercy forgiveness forgiveness god, forgive martyr mu'tasim bill muammar gaddafi raise degree mahdi leave heel others open grave light forgive us him, lord worlds amen amen"
Tweet is irrelevant,"peace upon others god mercy forgiveness forgiveness god, forgive martyr moatasem bill muammar gaddafi raise standard"
Tweet is irrelevant,"al-khayyeen: know zain, dog's registration gaddafi mansinah, eggs allah, face muhammad ibn salman, danced head snake,"
Tweet is irrelevant,ordinary ruler tripoli calls governor republic berqa may correspond united nations choose president state fezan
Tweet is irrelevant, rt dixiedoodle qanon cordicon lizcrokin fbi docs say david ben gurion ordered jfk hit netanyahu uncle israel st pm v 
Tweet is irrelevant,"street, saw hanging house street, large picture sisi qadhafi, written late leader gadhafi,"
Tweet is irrelevant,"street, saw hanging house street, large picture sisi qadhafi, written late leader gadhafi,"
Tweet is irrelevant,relationship iran gaddafi attempt assassinate king abdullah may allah mercy kill gaddafi
Tweet is irrelevant,"saddam khalid awlad haftar get promotions higher ranks, wounded hafar's soldiers rewarded negligence pork saw complaint"
Tweet is irrelevant,god gave call kill gaddafi published gaddafi vdihm hidden mstor devil qaradawi lending devil god forbid evils
Tweet is irrelevant,"religion supported muslim brotherhood classified terrorist group operating kingdom, betraying joint forces southern border"
Tweet is irrelevant,"peace upon others god mercy forgiveness forgiveness god, forgive martyr moatasem bill muammar gaddafi raise standard"
Tweet is irrelevant,qadhafi may allah mercy
Tweet is irrelevant, kicks n pups totally board calling public official put gaddafi decades shady state sponsored arms sales meddling multiple foreign nations first line blame train lol obama definitely welcome board though 
Tweet is irrelevant,"amin, lord worlds"
Tweet is irrelevant, rt samehabouelkhie reuters april french president agreed supply protesters weapons libya liby 
Tweet is irrelevant,"pronounce, resurrection quieter"
Tweet is irrelevant,"ask allah register hamad gaddafi assassination king abdullah, may allah mercy him, saudi arabia, qatar's reaction thing? so, demons reason boycotting, others like carry saudi mistakes mistakes."
Tweet is irrelevant, rt noncomplyinwolf si g jw wood yvonnegetcarter fleurcompassion steve starrchildddddd pwoodfall ohroyalone dragonsoul 
Tweet is irrelevant, rt africafactszone superb visionary patriotic competent iconic african heads state every african know thomas sankara p 
Tweet is irrelevant,liar liar entry qatar swamp syria libya led orders saudi arabia killing gaddafi hands rebels try kill king abdullah lie lies sounds voice spirit playing far qatar actually tried order king abdullah silent subject
Tweet is irrelevant,know make living.
Tweet is irrelevant, rt noncomplyinwolf si g jw wood yvonnegetcarter fleurcompassion steve starrchildddddd pwoodfall ohroyalone dragonsoul 
Tweet is irrelevant,"oh god, make every drop blood tear revolutions neck torment world hereafter afflict him."
Tweet is irrelevant,confirmed information yemeni president hadi briefed king salman orally arrogant role uae south developments happened socotra exit
Tweet is irrelevant,"story opening samarkand leader qutiba ibn muslim story ancestors hurdles may allah pleased modern times mention story haftar crimes chad large teams qutaiba head omar bin abdul aziz, hafter head gaddafi great difference leaders governors matter"
Tweet is irrelevant, rt samehabouelkhie reuters april french president agreed supply protesters weapons libya liby 
Tweet is irrelevant,"one appeared conspired assassinated gaddafi destroy kingdom assassinate king abdullah, may god mercy him. yes, hate you, let even young children come please you."
Tweet is irrelevant,"street, saw hanging house street, large picture sisi qadhafi, written late leader gadhafi,"
Tweet is irrelevant,regime qatar harms destabilizes security conspires gaddafi assassinate king abdullah spread sectarian strife society explodes facilities mosques buys western media flags salute us silent year boycotting whole world egyptian
Tweet is irrelevant,"street, saw hanging house street, large picture sisi qadhafi, written late leader gadhafi,"
Tweet is irrelevant, rt lhamapum see patterns universe pattern universe take bromo dragonfly see eye g 
Tweet is irrelevant,"street, saw hanging house street, large picture sisi qadhafi, written late leader gadhafi,"
Tweet is irrelevant,god bless
Tweet is irrelevant,inciting killing governors state allah preserves openly advocates liberalism differ incitement muslim brotherhood grand mufti kill
Tweet is irrelevant,"god, opinion? gaddafi, russians chanting slogans israel"
Tweet is irrelevant,bride martyrs baden god safe
Tweet is irrelevant, rt samehabouelkhie reuters april french president agreed supply protesters weapons libya liby 
Tweet is irrelevant, rt iyad elbaghdadi note adopted words two assad slogans assad ruin country never give 
Tweet is irrelevant, rt farahmaalimm smart guys grazed corridors autocratic power rd world think handful include compraore 
Tweet is irrelevant,blessed revolution sacrifices martyrs martyred injured displaced governs libya hafter god mother immigrants libya state truth
Tweet is irrelevant,"believe god, help believe god, hold strong rope god one voice one hand every one famous sword face peace humanity libya supporters muammar gaddafi."
Tweet is irrelevant,"terrorist rogue abu manshar mohammed bin salman surrounded mercenaries future, god willing, find abu manshar, gaunt knees like gaddafi pleading sword faster"
Tweet is irrelevant, rt samehabouelkhie reuters april french president agreed supply protesters weapons libya liby 
Tweet is irrelevant, yes murderers thieves 
Tweet is irrelevant,enough register two rogue robbers qadhafi conspiring obvious conspiracies recordings.
Tweet is irrelevant,inciting killing governors state allah preserves openly advocates liberalism differ incitement muslim brotherhood grand mufti kill
Tweet is irrelevant, rt samehabouelkhie reuters april french president agreed supply protesters weapons libya liby 
Tweet is irrelevant,"swear you, listen listen recordings qaddafi."
Tweet is irrelevant,"support god, help you, believe allah, good, hold strong rope allah, one voice one hand all."
Tweet is irrelevant, rt balzawawi ly spoken mannocchia middleeasteye increasing influence madkhalis libya https co n tvp kezj 
Tweet is irrelevant, rt iyad elbaghdadi note adopted words two assad slogans assad ruin country never give 
Tweet is irrelevant, rt dixiedoodle qanon cordicon lizcrokin fbi docs say david ben gurion ordered jfk hit netanyahu uncle israel st pm v 
Tweet is irrelevant, rt libyanintegrity iyad elbaghdadi friend forget haftar burning derna speak help emirati egyptian p 
Tweet is irrelevant, rt iyad elbaghdadi note adopted words two assad slogans assad ruin country never give 
Tweet is irrelevant,bride martyrs baden god safe
Tweet is irrelevant,"allah, destroy criminal disobedient father, religion nation, make hand sacrifice destruction him, impose severe torment make end worse end qadhafi make flame flame."
Tweet is irrelevant, rt iyad elbaghdadi came seemingly nowhere return way came thought terrifies arab dictators le 
Tweet is irrelevant,martyrdom zain al-khajkhaj fought gaddafi kharaj state organization martyred militias hafar al-muqallab state february revolution.
Tweet is irrelevant, rt menabster arab muslim leaders always fall trick us israel handlers latest exhibit mbs ibn saud yemenge 
Tweet is irrelevant,"allah, sorrow kingdom saudi arabia"
Tweet is irrelevant,acceptable patient
