401,eemaaad ØªÙˆØ§ Ø§ÙŠØ³ÙŠØ± Ù…Ù†Ùƒ ÙˆØ§Ù†Øª ØªØ·Ø¹Ù† Ù‡Ù„Ùƒ ÙˆÙ†Ø§Ø³Ùƒ....Ø­Ù‚Ø¯Ùƒ Ø¹Ù„ÙŠ Ø­ÙØªØ± Ø£Ø¹Ù…Ø§ÙƒØ¹Ù† Ø§Ù„Ø­Ù‚ÙŠÙ‚Ø© Ø£Ù†Ø§ ÙƒÙÙŠØ¯Ø±Ø§Ù„ÙŠ Ù„Ø§Ø§Ø­Ù‚Ø¯ Ù„Ø§Ø¹Ù„ÙŠ Ø·Ø±Ø§Ø¨Ù„Ø³ ÙˆÙ„Ø§Ø¹Ù„ÙŠ Ù…Ø¯ÙŠÙ†Ø© ÙˆÙ„Ø§Ù‚Ø¨ÙŠÙ„Ø© Ø§Ù„Ù…Ø±ÙƒØ²ÙŠØ© Ø§Ø¶Ø±Øª Ø¨Ø·Ø±Ø§Ø¨Ù„Ø³ ÙˆØ§Ù‡Ù„Ù‡Ø§ Ù…Ø³ØªÙÙŠØ¯ÙŠÙ† ÙØ¦Ø© ØªØ¯ÙØ¹ Ù„Ø§Ù…Ø«Ø§Ù„Ùƒ Ø¨ÙŠØ´ Ø§ÙŠØ¨Ø«ÙˆØ§ Ø§Ù„Ø³Ù… Ø¨ÙŠÙ† Ø§Ù„Ù„ÙŠØ¨ÙŠÙŠÙ† Ø§Ù„ÙÙŠØ¯Ø±Ø§Ù„ÙŠØ© Ø®ÙˆØ° Ø­Ù‚Ùƒ ÙˆØ¹Ø·ÙŠÙ†ÙŠ Ø­Ù‚ÙŠ ÙˆØ®Ù„ÙŠÙ†Ø§ Ù†ØªÙ†Ø§ÙØ³ Ø¨Ø´Ø±Ù Ù„ÙŠØ¨ÙŠØ§.. 
402,rt utebbinjalawi: ğŸ›‘ğŸ¥ ØªØ­Ø±ÙŠØ¶ Ù‚ØªÙ„ ÙˆÙ„Ø§Ø© Ø§Ù…Ø±Ù†Ø§ ÙŠØ­ÙØ¸Ù‡Ù… Ø§Ù„Ù„Ù‡ Ù…Ø¯Ù‘Ø¹ÙŠ Ø§Ù„Ù„ÙŠØ¨Ø±Ø§Ù„ÙŠØ© Ø¹Ù„Ø§Ù†ÙŠØ©ØŒ Ù„Ø§ÙŠØ®ØªÙ„Ù ØªØ­Ø±ÙŠØ¶ Ù…ÙØªÙŠ Ø§Ù„Ø¥Ø®ÙˆØ§Ù† Ø§Ù„Ø¥Ø±Ù‡Ø§Ø¨ÙŠÙŠÙ† Ø¨Ù‚ØªÙ„ Ø§â€¦ 
403,rt fricafactszone: superb visionary patriotic competent iconic african heads state african thomas sankara pâ€¦ 
404,rt utebbinjalawi: ğŸ›‘ğŸ¥ ØªØ­Ø±ÙŠØ¶ Ù‚ØªÙ„ ÙˆÙ„Ø§Ø© Ø§Ù…Ø±Ù†Ø§ ÙŠØ­ÙØ¸Ù‡Ù… Ø§Ù„Ù„Ù‡ Ù…Ø¯Ù‘Ø¹ÙŠ Ø§Ù„Ù„ÙŠØ¨Ø±Ø§Ù„ÙŠØ© Ø¹Ù„Ø§Ù†ÙŠØ©ØŒ Ù„Ø§ÙŠØ®ØªÙ„Ù ØªØ­Ø±ÙŠØ¶ Ù…ÙØªÙŠ Ø§Ù„Ø¥Ø®ÙˆØ§Ù† Ø§Ù„Ø¥Ø±Ù‡Ø§Ø¨ÙŠÙŠÙ† Ø¨Ù‚ØªÙ„ Ø§â€¦ 
405,rt utebbinjalawi: ğŸ›‘ğŸ¥ ØªØ­Ø±ÙŠØ¶ Ù‚ØªÙ„ ÙˆÙ„Ø§Ø© Ø§Ù…Ø±Ù†Ø§ ÙŠØ­ÙØ¸Ù‡Ù… Ø§Ù„Ù„Ù‡ Ù…Ø¯Ù‘Ø¹ÙŠ Ø§Ù„Ù„ÙŠØ¨Ø±Ø§Ù„ÙŠØ© Ø¹Ù„Ø§Ù†ÙŠØ©ØŒ Ù„Ø§ÙŠØ®ØªÙ„Ù ØªØ­Ø±ÙŠØ¶ Ù…ÙØªÙŠ Ø§Ù„Ø¥Ø®ÙˆØ§Ù† Ø§Ù„Ø¥Ø±Ù‡Ø§Ø¨ÙŠÙŠÙ† Ø¨Ù‚ØªÙ„ Ø§â€¦ 
406,rt utebbinjalawi: ğŸ›‘ğŸ¥ ØªØ­Ø±ÙŠØ¶ Ù‚ØªÙ„ ÙˆÙ„Ø§Ø© Ø§Ù…Ø±Ù†Ø§ ÙŠØ­ÙØ¸Ù‡Ù… Ø§Ù„Ù„Ù‡ Ù…Ø¯Ù‘Ø¹ÙŠ Ø§Ù„Ù„ÙŠØ¨Ø±Ø§Ù„ÙŠØ© Ø¹Ù„Ø§Ù†ÙŠØ©ØŒ Ù„Ø§ÙŠØ®ØªÙ„Ù ØªØ­Ø±ÙŠØ¶ Ù…ÙØªÙŠ Ø§Ù„Ø¥Ø®ÙˆØ§Ù† Ø§Ù„Ø¥Ø±Ù‡Ø§Ø¨ÙŠÙŠÙ† Ø¨Ù‚ØªÙ„ Ø§â€¦ 
407,rt strict: Ø¹Ù†Ø§ÙŠØ© ØµØ§Ø­Ø¨ Ø§Ù„Ø³Ù…Ùˆ Ø§Ù„Ù…Ù„ÙƒÙŠ Ø§Ù„Ø£Ù…ÙŠØ± Ø®Ø§Ù„Ø¯ Ø³Ù„Ù…Ø§Ù† Ø­ÙØ¸Ù‡ Ø§Ù„Ù„Ù‡ Ø³ÙÙŠØ± Ø®Ø§Ø¯Ù… Ø§Ù„Ø­Ø±Ù…ÙŠÙ† ÙˆÙÙ‚Ù‡ Ø§Ù„Ù„Ù‡ audiembassyusa  bsalsaud  httpso/â€¦ 
408,hedailybeast feel bad war criminal lost war criminal father... heaven saddam hussein muammar gaddafi... jesus bless! 
409,rt utebbinjalawi: ğŸ›‘ğŸ¥ ØªØ­Ø±ÙŠØ¶ Ù‚ØªÙ„ ÙˆÙ„Ø§Ø© Ø§Ù…Ø±Ù†Ø§ ÙŠØ­ÙØ¸Ù‡Ù… Ø§Ù„Ù„Ù‡ Ù…Ø¯Ù‘Ø¹ÙŠ Ø§Ù„Ù„ÙŠØ¨Ø±Ø§Ù„ÙŠØ© Ø¹Ù„Ø§Ù†ÙŠØ©ØŒ Ù„Ø§ÙŠØ®ØªÙ„Ù ØªØ­Ø±ÙŠØ¶ Ù…ÙØªÙŠ Ø§Ù„Ø¥Ø®ÙˆØ§Ù† Ø§Ù„Ø¥Ø±Ù‡Ø§Ø¨ÙŠÙŠÙ† Ø¨Ù‚ØªÙ„ Ø§â€¦ 
410,rt utebbinjalawi: ğŸ›‘ğŸ¥ ØªØ­Ø±ÙŠØ¶ Ù‚ØªÙ„ ÙˆÙ„Ø§Ø© Ø§Ù…Ø±Ù†Ø§ ÙŠØ­ÙØ¸Ù‡Ù… Ø§Ù„Ù„Ù‡ Ù…Ø¯Ù‘Ø¹ÙŠ Ø§Ù„Ù„ÙŠØ¨Ø±Ø§Ù„ÙŠØ© Ø¹Ù„Ø§Ù†ÙŠØ©ØŒ Ù„Ø§ÙŠØ®ØªÙ„Ù ØªØ­Ø±ÙŠØ¶ Ù…ÙØªÙŠ Ø§Ù„Ø¥Ø®ÙˆØ§Ù† Ø§Ù„Ø¥Ø±Ù‡Ø§Ø¨ÙŠÙŠÙ† Ø¨Ù‚ØªÙ„ Ø§â€¦ 
411,rt utebbinjalawi: ğŸ›‘ğŸ¥ ØªØ­Ø±ÙŠØ¶ Ù‚ØªÙ„ ÙˆÙ„Ø§Ø© Ø§Ù…Ø±Ù†Ø§ ÙŠØ­ÙØ¸Ù‡Ù… Ø§Ù„Ù„Ù‡ Ù…Ø¯Ù‘Ø¹ÙŠ Ø§Ù„Ù„ÙŠØ¨Ø±Ø§Ù„ÙŠØ© Ø¹Ù„Ø§Ù†ÙŠØ©ØŒ Ù„Ø§ÙŠØ®ØªÙ„Ù ØªØ­Ø±ÙŠØ¶ Ù…ÙØªÙŠ Ø§Ù„Ø¥Ø®ÙˆØ§Ù† Ø§Ù„Ø¥Ø±Ù‡Ø§Ø¨ÙŠÙŠÙ† Ø¨Ù‚ØªÙ„ Ø§â€¦ 
412,bcworld sat left side;  1 pussy grabber 2. programmed robot 3addafi killer 4. book seller 5. office blow jobber 6. russian investigator 6. ramble 7. queen elizabeth iv httpsoxcb9nnuxi httpsohg6tcbkem 
413,rt utebbinjalawi: ğŸ›‘ğŸ¥ ØªØ­Ø±ÙŠØ¶ Ù‚ØªÙ„ ÙˆÙ„Ø§Ø© Ø§Ù…Ø±Ù†Ø§ ÙŠØ­ÙØ¸Ù‡Ù… Ø§Ù„Ù„Ù‡ Ù…Ø¯Ù‘Ø¹ÙŠ Ø§Ù„Ù„ÙŠØ¨Ø±Ø§Ù„ÙŠØ© Ø¹Ù„Ø§Ù†ÙŠØ©ØŒ Ù„Ø§ÙŠØ®ØªÙ„Ù ØªØ­Ø±ÙŠØ¶ Ù…ÙØªÙŠ Ø§Ù„Ø¥Ø®ÙˆØ§Ù† Ø§Ù„Ø¥Ø±Ù‡Ø§Ø¨ÙŠÙŠÙ† Ø¨Ù‚ØªÙ„ Ø§â€¦ 
414,rt utebbinjalawi: ğŸ›‘ğŸ¥ ØªØ­Ø±ÙŠØ¶ Ù‚ØªÙ„ ÙˆÙ„Ø§Ø© Ø§Ù…Ø±Ù†Ø§ ÙŠØ­ÙØ¸Ù‡Ù… Ø§Ù„Ù„Ù‡ Ù…Ø¯Ù‘Ø¹ÙŠ Ø§Ù„Ù„ÙŠØ¨Ø±Ø§Ù„ÙŠØ© Ø¹Ù„Ø§Ù†ÙŠØ©ØŒ Ù„Ø§ÙŠØ®ØªÙ„Ù ØªØ­Ø±ÙŠØ¶ Ù…ÙØªÙŠ Ø§Ù„Ø¥Ø®ÙˆØ§Ù† Ø§Ù„Ø¥Ø±Ù‡Ø§Ø¨ÙŠÙŠÙ† Ø¨Ù‚ØªÙ„ Ø§â€¦ 
415,rt utebbinjalawi: ğŸ›‘ğŸ¥ ØªØ­Ø±ÙŠØ¶ Ù‚ØªÙ„ ÙˆÙ„Ø§Ø© Ø§Ù…Ø±Ù†Ø§ ÙŠØ­ÙØ¸Ù‡Ù… Ø§Ù„Ù„Ù‡ Ù…Ø¯Ù‘Ø¹ÙŠ Ø§Ù„Ù„ÙŠØ¨Ø±Ø§Ù„ÙŠØ© Ø¹Ù„Ø§Ù†ÙŠØ©ØŒ Ù„Ø§ÙŠØ®ØªÙ„Ù ØªØ­Ø±ÙŠØ¶ Ù…ÙØªÙŠ Ø§Ù„Ø¥Ø®ÙˆØ§Ù† Ø§Ù„Ø¥Ø±Ù‡Ø§Ø¨ÙŠÙŠÙ† Ø¨Ù‚ØªÙ„ Ø§â€¦ 
416,rt nhamel1: Ù…Ø­Ù…Ø¯ Ø§Ù„Ù‚ÙŠÙ„ÙˆØ´ÙŠ : Ø³ÙŠÙ Ø§Ù„Ø§Ø³Ù„Ø§Ù… Ø§Ù„Ù‚Ø°Ø§ÙÙŠ ÙŠØ¤ÙƒØ¯ Ø¯Ø¹Ù…Ù‡ Ù„Ø®Ø§Ø±Ø·Ø© Ø§Ù„Ø·Ø±ÙŠÙ‚ ÙŠØ¹Ù…Ù„Ù‡Ø§ ØºØ³Ø§Ù† Ø³Ù„Ø§Ù…Ø© Ù„ÙŠØ¨ÙŠØ§ ÙˆØ¹Ù‚Ø¯ Ø¬Ø§Ù…Ø¹ Ù„ÙƒÙ„ Ø§Ù„Ø§Ø·Ø±Ø§Ùâ€¦ 
417,rt fricafactszone: superb visionary patriotic competent iconic african heads state african thomas sankara pâ€¦ 
418,rt utebbinjalawi: ğŸ›‘ğŸ¥ ØªØ­Ø±ÙŠØ¶ Ù‚ØªÙ„ ÙˆÙ„Ø§Ø© Ø§Ù…Ø±Ù†Ø§ ÙŠØ­ÙØ¸Ù‡Ù… Ø§Ù„Ù„Ù‡ Ù…Ø¯Ù‘Ø¹ÙŠ Ø§Ù„Ù„ÙŠØ¨Ø±Ø§Ù„ÙŠØ© Ø¹Ù„Ø§Ù†ÙŠØ©ØŒ Ù„Ø§ÙŠØ®ØªÙ„Ù ØªØ­Ø±ÙŠØ¶ Ù…ÙØªÙŠ Ø§Ù„Ø¥Ø®ÙˆØ§Ù† Ø§Ù„Ø¥Ø±Ù‡Ø§Ø¨ÙŠÙŠÙ† Ø¨Ù‚ØªÙ„ Ø§â€¦ 
419,rt herifabdulwan: bcworld sat left side;  1 pussy grabber 2. programmed robot 3addafi killer 4. book sâ€¦ 
420,rt utebbinjalawi: ğŸ›‘ğŸ¥ ØªØ­Ø±ÙŠØ¶ Ù‚ØªÙ„ ÙˆÙ„Ø§Ø© Ø§Ù…Ø±Ù†Ø§ ÙŠØ­ÙØ¸Ù‡Ù… Ø§Ù„Ù„Ù‡ Ù…Ø¯Ù‘Ø¹ÙŠ Ø§Ù„Ù„ÙŠØ¨Ø±Ø§Ù„ÙŠØ© Ø¹Ù„Ø§Ù†ÙŠØ©ØŒ Ù„Ø§ÙŠØ®ØªÙ„Ù ØªØ­Ø±ÙŠØ¶ Ù…ÙØªÙŠ Ø§Ù„Ø¥Ø®ÙˆØ§Ù† Ø§Ù„Ø¥Ø±Ù‡Ø§Ø¨ÙŠÙŠÙ† Ø¨Ù‚ØªÙ„ Ø§â€¦ 
421,ÙŠØ¬Ø±ÙŠ Ø³Ø­Ø¨ Ø­ÙØªØ± ÙŠØ¯ Ø§Ù„Ø±ÙˆØ³ ÙˆØ§Ù„Ù…ØµØ±ÙŠÙŠÙ† 
422,rt utebbinjalawi: ğŸ›‘ğŸ¥ ØªØ­Ø±ÙŠØ¶ Ù‚ØªÙ„ ÙˆÙ„Ø§Ø© Ø§Ù…Ø±Ù†Ø§ ÙŠØ­ÙØ¸Ù‡Ù… Ø§Ù„Ù„Ù‡ Ù…Ø¯Ù‘Ø¹ÙŠ Ø§Ù„Ù„ÙŠØ¨Ø±Ø§Ù„ÙŠØ© Ø¹Ù„Ø§Ù†ÙŠØ©ØŒ Ù„Ø§ÙŠØ®ØªÙ„Ù ØªØ­Ø±ÙŠØ¶ Ù…ÙØªÙŠ Ø§Ù„Ø¥Ø®ÙˆØ§Ù† Ø§Ù„Ø¥Ø±Ù‡Ø§Ø¨ÙŠÙŠÙ† Ø¨Ù‚ØªÙ„ Ø§â€¦ 
423,rt ashhourii: explicit incitement assassinate foreign leader allied state. common goal leftieâ€¦ 
424,rt utebbinjalawi: ğŸ›‘ğŸ¥ ØªØ­Ø±ÙŠØ¶ Ù‚ØªÙ„ ÙˆÙ„Ø§Ø© Ø§Ù…Ø±Ù†Ø§ ÙŠØ­ÙØ¸Ù‡Ù… Ø§Ù„Ù„Ù‡ Ù…Ø¯Ù‘Ø¹ÙŠ Ø§Ù„Ù„ÙŠØ¨Ø±Ø§Ù„ÙŠØ© Ø¹Ù„Ø§Ù†ÙŠØ©ØŒ Ù„Ø§ÙŠØ®ØªÙ„Ù ØªØ­Ø±ÙŠØ¶ Ù…ÙØªÙŠ Ø§Ù„Ø¥Ø®ÙˆØ§Ù† Ø§Ù„Ø¥Ø±Ù‡Ø§Ø¨ÙŠÙŠÙ† Ø¨Ù‚ØªÙ„ Ø§â€¦ 
425,rt ixiedoodle12: linahere otus gaddafi told y assas fk. fk rightly insistedonitoring israel dimona planthot making nucâ€¦ 
426,rt assser15: Ù…Ù‚Ø§Ù„Ø© Ù‚ØµÙŠØ±Ø© ÙƒØªØ¨ØªÙ‡Ø§ Ø³Ù‚ÙˆØ· Ù…Ø¹Ù…Ø± Ø§Ù„Ù‚Ø°Ø§ÙÙŠ Ø¨Ø§Ø´Ù‡Ø± Ø¨ØªØ§Ø±ÙŠØ® 30 / 3 / 2011 httpsocle0wlz1l 
427,rt ixiedoodle12: linahere otus gaddafi told y assas fk. fk rightly insistedonitoring israel dimona planthot making nucâ€¦ 
428,rt fricafactszone: superb visionary patriotic competent iconic african heads state african thomas sankara pâ€¦ 
429,rt strict: Ø¹Ù†Ø§ÙŠØ© ØµØ§Ø­Ø¨ Ø§Ù„Ø³Ù…Ùˆ Ø§Ù„Ù…Ù„ÙƒÙŠ Ø§Ù„Ø£Ù…ÙŠØ± Ø®Ø§Ù„Ø¯ Ø³Ù„Ù…Ø§Ù† Ø­ÙØ¸Ù‡ Ø§Ù„Ù„Ù‡ Ø³ÙÙŠØ± Ø®Ø§Ø¯Ù… Ø§Ù„Ø­Ø±Ù…ÙŠÙ† ÙˆÙÙ‚Ù‡ Ø§Ù„Ù„Ù‡ audiembassyusa  bsalsaud  httpso/â€¦ 
430,rt ashhourii: explicit incitement assassinate foreign leader allied state. common goal leftieâ€¦ 
431,rt nsidelibya: call international community situation arnah ibya urge aftar naâ€¦ 
432,rt anessatomass: participate @ national conference real challenge elections march.â€¦ 
433,rt utebbinjalawi: ğŸ›‘ğŸ¥ ØªØ­Ø±ÙŠØ¶ Ù‚ØªÙ„ ÙˆÙ„Ø§Ø© Ø§Ù…Ø±Ù†Ø§ ÙŠØ­ÙØ¸Ù‡Ù… Ø§Ù„Ù„Ù‡ Ù…Ø¯Ù‘Ø¹ÙŠ Ø§Ù„Ù„ÙŠØ¨Ø±Ø§Ù„ÙŠØ© Ø¹Ù„Ø§Ù†ÙŠØ©ØŒ Ù„Ø§ÙŠØ®ØªÙ„Ù ØªØ­Ø±ÙŠØ¶ Ù…ÙØªÙŠ Ø§Ù„Ø¥Ø®ÙˆØ§Ù† Ø§Ù„Ø¥Ø±Ù‡Ø§Ø¨ÙŠÙŠÙ† Ø¨Ù‚ØªÙ„ Ø§â€¦ 
434,rt utebbinjalawi: ğŸ›‘ğŸ¥ ØªØ­Ø±ÙŠØ¶ Ù‚ØªÙ„ ÙˆÙ„Ø§Ø© Ø§Ù…Ø±Ù†Ø§ ÙŠØ­ÙØ¸Ù‡Ù… Ø§Ù„Ù„Ù‡ Ù…Ø¯Ù‘Ø¹ÙŠ Ø§Ù„Ù„ÙŠØ¨Ø±Ø§Ù„ÙŠØ© Ø¹Ù„Ø§Ù†ÙŠØ©ØŒ Ù„Ø§ÙŠØ®ØªÙ„Ù ØªØ­Ø±ÙŠØ¶ Ù…ÙØªÙŠ Ø§Ù„Ø¥Ø®ÙˆØ§Ù† Ø§Ù„Ø¥Ø±Ù‡Ø§Ø¨ÙŠÙŠÙ† Ø¨Ù‚ØªÙ„ Ø§â€¦ 
435,rt anessatomass: reliable sources marshall khalifa haftar arrive palermo tonight tomorrow morning  aftar alerâ€¦ 
436,rt ashhourii: explicit incitement assassinate foreign leader allied state. common goal leftieâ€¦ 
437,rt fricafactszone: superb visionary patriotic competent iconic african heads state african thomas sankara pâ€¦ 
438,okadokaly arougz ÙˆØ´Ù† Ø¯Ø®Ù„Ù‡ Ø¹Ø§Ø¯ Ø­ÙØªØ± Ø­ÙØªØ± Ø´Ù† ÙŠØ¨ÙŠ ÙŠØ¯ÙŠØ± ÙŠÙ„Ù… ÙˆØ§Ù„Ù„Ù‡ ÙˆØ§Ù„Ù„Ù‡ 
439,rt utebbinjalawi: ğŸ›‘ğŸ¥ ØªØ­Ø±ÙŠØ¶ Ù‚ØªÙ„ ÙˆÙ„Ø§Ø© Ø§Ù…Ø±Ù†Ø§ ÙŠØ­ÙØ¸Ù‡Ù… Ø§Ù„Ù„Ù‡ Ù…Ø¯Ù‘Ø¹ÙŠ Ø§Ù„Ù„ÙŠØ¨Ø±Ø§Ù„ÙŠØ© Ø¹Ù„Ø§Ù†ÙŠØ©ØŒ Ù„Ø§ÙŠØ®ØªÙ„Ù ØªØ­Ø±ÙŠØ¶ Ù…ÙØªÙŠ Ø§Ù„Ø¥Ø®ÙˆØ§Ù† Ø§Ù„Ø¥Ø±Ù‡Ø§Ø¨ÙŠÙŠÙ† Ø¨Ù‚ØªÙ„ Ø§â€¦ 
440,rt utebbinjalawi: ğŸ›‘ğŸ¥ ØªØ­Ø±ÙŠØ¶ Ù‚ØªÙ„ ÙˆÙ„Ø§Ø© Ø§Ù…Ø±Ù†Ø§ ÙŠØ­ÙØ¸Ù‡Ù… Ø§Ù„Ù„Ù‡ Ù…Ø¯Ù‘Ø¹ÙŠ Ø§Ù„Ù„ÙŠØ¨Ø±Ø§Ù„ÙŠØ© Ø¹Ù„Ø§Ù†ÙŠØ©ØŒ Ù„Ø§ÙŠØ®ØªÙ„Ù ØªØ­Ø±ÙŠØ¶ Ù…ÙØªÙŠ Ø§Ù„Ø¥Ø®ÙˆØ§Ù† Ø§Ù„Ø¥Ø±Ù‡Ø§Ø¨ÙŠÙŠÙ† Ø¨Ù‚ØªÙ„ Ø§â€¦ 
441,Ø§Ù‰ ÙˆØ§Ù„Ù„Ù‡ Ø­Ù‚ Ø§Ù„Ù„Ù‡ ÙŠØ±Ø­Ù…Ù‡ ÙˆÙŠØºÙØ± 
442,itzosligo dictatorland - men stole africa vood lbeit long) book gaddafi mugabe zuma powerorth read! 
443,Ù„ÙˆÙ„Ø§ Ù…Ø¹Ù…Ø± Ø§Ù„Ù‚Ø°Ø§ÙÙŠ Ø¹Ù…Ù„ Ø¨Ø±Ø¬ Ø§Ù„ÙØ§ØªØ­ Ø¯Ù‡ Ø£Ø¨Ø±Ø² Ù…Ø¹Ù„Ù… Ø§Ù„Ø¹Ø§ØµÙ…Ø© Ø§Ù„Ø·Ø§Ø¨ÙŠØ© Ø¥Ø±ØªÙØ§Ø¹Ù‡Ø§ Ù¥Ù  Ø³Ù… Ø³Ø·Ø­ Ø§Ù„Ø£Ø±Ø¶.. 
444,Ø±Ø³Ø§Ø¦Ù„ Ø¥Ø¹Ø§Ø¯Ø© Ø¥Ø¹Ù…Ø§Ø± Ø¬Ø§Ù…Ø¹Ø© Ø¨Ù†ØºØ§Ø²ÙŠ Ù‚Ø§Ø¹Ø¯Ø© ØªÙˆØµÙ„ ÙÙŠØ§ Ù…Ø¹Ù‚ÙˆÙ„Ø© Ø­Ø´Ù… Ø¬Ø¹Ø±Ø© Ø­ÙØªØ± ÙˆÙˆÙ„Ø¯Ù‡ Ø³Ø·Ùˆ Ø§Ù„Ù…Ø±ÙƒØ²ÙŠ Ø®Ù„ÙˆÙ‡ Ø¨Ø¹Ø¯ÙŠÙ† ÙŠØ´Ø­ØªÙˆ Ø«Ù…Ù† ØµÙŠØ§Ù†Ø© Ø¬Ø§Ù…Ø¹Ø©! ÙˆØ§Ù„Ù„Ù‡ Ø¨Ø§Ø±Ùƒ Ø§Ù„Ù„Ù‡ Ø§Ù„Ø³Ø±Ø§Ø¬ Ù…ØµØ§ÙŠØ¨Ù‡ Ù‚Ø§Ø¹Ø¯ Ø¹Ù†Ø¯Ù‡ Ø¹Ø±Ù‚ Ø­Ø´Ù…Ø©. 
445,rt strict: Ø¹Ù†Ø§ÙŠØ© ØµØ§Ø­Ø¨ Ø§Ù„Ø³Ù…Ùˆ Ø§Ù„Ù…Ù„ÙƒÙŠ Ø§Ù„Ø£Ù…ÙŠØ± Ø®Ø§Ù„Ø¯ Ø³Ù„Ù…Ø§Ù† Ø­ÙØ¸Ù‡ Ø§Ù„Ù„Ù‡ Ø³ÙÙŠØ± Ø®Ø§Ø¯Ù… Ø§Ù„Ø­Ø±Ù…ÙŠÙ† ÙˆÙÙ‚Ù‡ Ø§Ù„Ù„Ù‡ audiembassyusa  bsalsaud  httpso/â€¦ 
446,rt utebbinjalawi: ğŸ›‘ğŸ¥ ØªØ­Ø±ÙŠØ¶ Ù‚ØªÙ„ ÙˆÙ„Ø§Ø© Ø§Ù…Ø±Ù†Ø§ ÙŠØ­ÙØ¸Ù‡Ù… Ø§Ù„Ù„Ù‡ Ù…Ø¯Ù‘Ø¹ÙŠ Ø§Ù„Ù„ÙŠØ¨Ø±Ø§Ù„ÙŠØ© Ø¹Ù„Ø§Ù†ÙŠØ©ØŒ Ù„Ø§ÙŠØ®ØªÙ„Ù ØªØ­Ø±ÙŠØ¶ Ù…ÙØªÙŠ Ø§Ù„Ø¥Ø®ÙˆØ§Ù† Ø§Ù„Ø¥Ø±Ù‡Ø§Ø¨ÙŠÙŠÙ† Ø¨Ù‚ØªÙ„ Ø§â€¦ 
447,rt eportinglibya: ibya khalifa haftar head eastern army heading talks rome tomorrow. unclear political rivals invitâ€¦ 
448,rt utebbinjalawi: ğŸ›‘ğŸ¥ ØªØ­Ø±ÙŠØ¶ Ù‚ØªÙ„ ÙˆÙ„Ø§Ø© Ø§Ù…Ø±Ù†Ø§ ÙŠØ­ÙØ¸Ù‡Ù… Ø§Ù„Ù„Ù‡ Ù…Ø¯Ù‘Ø¹ÙŠ Ø§Ù„Ù„ÙŠØ¨Ø±Ø§Ù„ÙŠØ© Ø¹Ù„Ø§Ù†ÙŠØ©ØŒ Ù„Ø§ÙŠØ®ØªÙ„Ù ØªØ­Ø±ÙŠØ¶ Ù…ÙØªÙŠ Ø§Ù„Ø¥Ø®ÙˆØ§Ù† Ø§Ù„Ø¥Ø±Ù‡Ø§Ø¨ÙŠÙŠÙ† Ø¨Ù‚ØªÙ„ Ø§â€¦ 
449,rt eportinglibya: ibya italian journalist aganodritto covering unfolding developments haftar meeting italian pm set forâ€¦ 
450,rt amehabouelkhie: ÙŠØ­Ø§ÙˆÙ„ Ø§Ù„Ø§Ø®ÙˆØ§Ù†Ø¬ÙŠØ© Ø¥Ù‚Ù†Ø§Ø¹Ùƒ Ø¨Ø£Ù†Ù‡Ù… ÙƒØ§Ù†ÙˆØ§ ÙŠØ­Ø¨ÙˆÙ† Ø§Ù„Ù…Ù„Ùƒ Ø¹Ø¨Ø¯Ø§Ù„Ù„Ù‡ Ø±Ø­Ù…Ù‡ Ø§Ù„Ù„Ù‡ ÙˆØ§Ù„Ø¢Ù† ÙÙ‚Ø· ÙŠÙƒØ±Ù‡ÙˆÙ† Ø§Ù„Ø£Ù…ÙŠØ± Ù…Ø­Ù…Ø¯ Ø³Ù„Ù…Ø§Ù† ÙˆØ£Ù†Ù‡Ù… ÙƒØ§Ù†ÙˆØ§ ÙŠØ­â€¦ 
451,ohamedsh82 Ø§Ù„Ù‚Ø°Ø§ÙÙŠ 
452,Ø±ÙØ¹ÙˆØ§ Ø§Ù„Ø¯Ø¹Ù… Ø§Ù„ÙˆÙ‚ÙˆØ¯ Ù…ÙØ±ÙˆØ¶ Ø§Ù„Ø´Ø¹Ø¨ ÙŠØ·Ù„Ø¹ Ø¨ÙƒØ±Ø© Ø£Ø¨ÙŠÙ‡ Ø£Ù…Ù‡ ÙˆÙŠØ·Ø§Ù„Ø¨ Ø¨Ø¹ÙˆØ¯Ø© Ø§Ù„Ø§Ø® Ø§Ù„Ø¹Ù‚ÙŠØ¯ Ù…Ø¹Ù…Ø± Ø§Ù„Ù‚Ø°Ø§ÙÙŠ Ø£Ùˆ Ø£ÙŠ Ø­Ø¯ Ø±ÙŠØ­ØªÙ‡ Ø¨Ù…Ø§ Ø¥Ù†Ù‡ ØªÙˆÙØ§Ù‡ Ø§Ù„Ù„Ù‡ . 
453,rt fricafactszone: superb visionary patriotic competent iconic african heads state african thomas sankara pâ€¦ 
454,gallalah Ù†ÙØ³ Ø§Ù„Ø±Ø³Ø§Ù„Ø© ØªØ±ÙƒÙ‡Ø§ Ø§Ù„Ù‚Ø°Ø§ÙÙŠ Ù„ÙŠØ¨ÙŠØ§ Ø³ØªÙƒÙˆÙ† Ù†Ø§Ø± Ø­Ù…Ø±Ø© Ø¬Ù…Ø± 
455,rt anessatomass: real military link haftar proaddafi libyan tribes. libyan andâ€¦ 
456,rt lwasatengnews: ibya: head european union mission meets khalifa aftar enghazi  httpsopish7x2kw httpsâ€¦ 
457,rt utebbinjalawi: ğŸ›‘ğŸ¥ ØªØ­Ø±ÙŠØ¶ Ù‚ØªÙ„ ÙˆÙ„Ø§Ø© Ø§Ù…Ø±Ù†Ø§ ÙŠØ­ÙØ¸Ù‡Ù… Ø§Ù„Ù„Ù‡ Ù…Ø¯Ù‘Ø¹ÙŠ Ø§Ù„Ù„ÙŠØ¨Ø±Ø§Ù„ÙŠØ© Ø¹Ù„Ø§Ù†ÙŠØ©ØŒ Ù„Ø§ÙŠØ®ØªÙ„Ù ØªØ­Ø±ÙŠØ¶ Ù…ÙØªÙŠ Ø§Ù„Ø¥Ø®ÙˆØ§Ù† Ø§Ù„Ø¥Ø±Ù‡Ø§Ø¨ÙŠÙŠÙ† Ø¨Ù‚ØªÙ„ Ø§â€¦ 
458,rt anessatomass: read conversation w/ jalal alarshefani tripoli revolutionaries brigade rb. alliances yesterdaâ€¦ 
459,rt ashhourii: explicit incitement assassinate foreign leader allied state. common goal leftieâ€¦ 
460,rt remnews: ØµØ­ÙŠÙØ© Ø¥ÙŠØ·Ø§Ù„ÙŠØ©: Ø­ÙØªØ± Ø±ÙˆÙ…Ø§ Ù„ÙˆØ¶Ø¹ Ù†Ù‡Ø§ÙŠØ© Ù„Ù„Ø³Ø±Ø§Ø¬ httpsola0cwdefg httpsol4dpxp2vm 
461,rt rabianobserver: ÙŠØ¬Ø±ÙŠ Ø³Ø­Ø¨ Ø­ÙØªØ± ÙŠØ¯ Ø§Ù„Ø±ÙˆØ³ ÙˆØ§Ù„Ù…ØµØ±ÙŠÙŠÙ† httpsoylaooxwet 
462,rt fricafactszone: superb visionary patriotic competent iconic african heads state african thomas sankara pâ€¦ 
463,rt utebbinjalawi: ğŸ›‘ğŸ¥ ØªØ­Ø±ÙŠØ¶ Ù‚ØªÙ„ ÙˆÙ„Ø§Ø© Ø§Ù…Ø±Ù†Ø§ ÙŠØ­ÙØ¸Ù‡Ù… Ø§Ù„Ù„Ù‡ Ù…Ø¯Ù‘Ø¹ÙŠ Ø§Ù„Ù„ÙŠØ¨Ø±Ø§Ù„ÙŠØ© Ø¹Ù„Ø§Ù†ÙŠØ©ØŒ Ù„Ø§ÙŠØ®ØªÙ„Ù ØªØ­Ø±ÙŠØ¶ Ù…ÙØªÙŠ Ø§Ù„Ø¥Ø®ÙˆØ§Ù† Ø§Ù„Ø¥Ø±Ù‡Ø§Ø¨ÙŠÙŠÙ† Ø¨Ù‚ØªÙ„ Ø§â€¦ 
464,rt anessatomass: panel experts document revealed end 2017 na brigade 106 command saddam khalifa haâ€¦ 
465,rt asseralmejlad: ÙˆÙØ¯ Ø§Ù„Ø¯ÙƒØªÙˆØ± Ø³ÙŠÙ Ø§Ù„Ø¥Ø³Ù„Ø§Ù… Ø§Ù„Ù‚Ø°Ø§ÙÙŠ Ø¨Ù…ÙˆØ³ÙƒÙˆ Ù„Ø¨Ø­Ø« Ø§Ù„ØªØ³ÙˆÙŠØ© Ù„ÙŠØ¨ÙŠØ§ ØŒØŒ#Ù„ÙŠØ¨ÙŠØ§ httpsofrn2yhe0i 
466,bdooo199000 Ø±Ø¨ÙŠ ÙŠØ³Ù„Ù…Ùƒ ÙŠØ§ Ø®ÙˆÙŠ Ù†Ø´Ù‡Ø¯ Ø¨Ø§Ù„Ù„Ù‡ Ø§Ù†Ù‡Ù… Ø§Ù†Ø°Ø§Ù„ Ø§ØªØ¨Ø§Ø¹ Ø§Ù„Ù‚Ø°Ø§ÙÙŠ Ø¬Ø­ÙŠÙ… Ø³Ø¬Ù† Ø¨ÙˆØ³Ù„ÙŠÙ… 
467,Ø±Ø¦ÙŠØ³ Ø­ÙƒÙˆÙ…Ø© Ù‚Ø±ÙŠØ¨ ÙŠÙ‚Ø·Ù† Ù‚Ø±Ù†Ø§Ø¯Ø©  Ø¯ÙŠØ± Ø²ÙŠØ§Ø¯Ø© Ù„Ø¨Ù†ØºØ§Ø²ÙŠ Ø§Ù„Ù…Ø·Ø±Ø© Ø§Ù„Ø§Ø®ÙŠØ±Ø© Ø¯ÙŠØ± Ø²ÙŠØ§Ø±Ø© Ù…Ø­Ù„ÙŠØ© Ù„Ù„Ø¬Ù†ÙˆØ¨ Ù…Ø¯ÙŠÙ†Ø© ÙˆÙ„Ùˆ Ù…Ø³Ù‚Ø· Ø±Ø£Ø³Ùƒ. Ù‚Ø§Ø¹Ø¯ Ø²ÙŠ Ø§Ù„Ù„Ø¹Ø¨Ø© ÙŠØ³ØªØ®Ø¯Ù… Ø­ÙØªØ± ÙˆØ®Ù„Ø§Øµ 
468,field marshal khalifa aftar arrived italian capital twoay visit hold separate meetings united states ambassador tunisÂ david robinsonÂ on wednesday italy prime ministerÂ giuseppe onte thursday. oma ibya httpsocjhnzfeaq 
469,rt fricafactszone: superb visionary patriotic competent iconic african heads state african thomas sankara pâ€¦ 
470,rt lnabaan: saif addafi sends ibya crisis solution oscow httpsoienep0qav httpsogougddx1y 
471,rt fricafactszone: superb visionary patriotic competent iconic african heads state african thomas sankara pâ€¦ 
472,rt ashhourii: explicit incitement assassinate foreign leader allied state. common goal leftieâ€¦ 
473,rt fricafactszone: superb visionary patriotic competent iconic african heads state african thomas sankara pâ€¦ 
474,rt strict: Ø¹Ù†Ø§ÙŠØ© ØµØ§Ø­Ø¨ Ø§Ù„Ø³Ù…Ùˆ Ø§Ù„Ù…Ù„ÙƒÙŠ Ø§Ù„Ø£Ù…ÙŠØ± Ø®Ø§Ù„Ø¯ Ø³Ù„Ù…Ø§Ù† Ø­ÙØ¸Ù‡ Ø§Ù„Ù„Ù‡ Ø³ÙÙŠØ± Ø®Ø§Ø¯Ù… Ø§Ù„Ø­Ø±Ù…ÙŠÙ† ÙˆÙÙ‚Ù‡ Ø§Ù„Ù„Ù‡ audiembassyusa  bsalsaud  httpso/â€¦ 
475,rt wpscumbags: ambridgeftd orlddementia ruknews lzassociation bloody avidcameron ibya  httpsoecbronbe2 
476,rt lexscipione: italian newspaper lmessaggeroit aftar ome talks s ğŸ‡ºğŸ‡¸ambassador unisia & talyâ€¦ 
477,rt ashhourii: explicit incitement assassinate foreign leader allied state. common goal leftieâ€¦ 
478,rt avederna: aftar claimed victory erna air artillery ombing continue. mass arrests civilians â€¦ 
479,rt utebbinjalawi: ğŸ›‘ğŸ¥ ØªØ­Ø±ÙŠØ¶ Ù‚ØªÙ„ ÙˆÙ„Ø§Ø© Ø§Ù…Ø±Ù†Ø§ ÙŠØ­ÙØ¸Ù‡Ù… Ø§Ù„Ù„Ù‡ Ù…Ø¯Ù‘Ø¹ÙŠ Ø§Ù„Ù„ÙŠØ¨Ø±Ø§Ù„ÙŠØ© Ø¹Ù„Ø§Ù†ÙŠØ©ØŒ Ù„Ø§ÙŠØ®ØªÙ„Ù ØªØ­Ø±ÙŠØ¶ Ù…ÙØªÙŠ Ø§Ù„Ø¥Ø®ÙˆØ§Ù† Ø§Ù„Ø¥Ø±Ù‡Ø§Ø¨ÙŠÙŠÙ† Ø¨Ù‚ØªÙ„ Ø§â€¦ 
480,rt lexscipione: italian newspaper lmessaggeroit aftar ome talks s ğŸ‡ºğŸ‡¸ambassador unisia & talyâ€¦ 
481,ahly benghazi created impulsion party late omar mukhtar  famous libyan political hero fought italian colonizationuring gaddafi era club banned fews donkey incident.! afcl  httpso77fdbrkg7 
482,rt utebbinjalawi: ğŸ›‘ğŸ¥ ØªØ­Ø±ÙŠØ¶ Ù‚ØªÙ„ ÙˆÙ„Ø§Ø© Ø§Ù…Ø±Ù†Ø§ ÙŠØ­ÙØ¸Ù‡Ù… Ø§Ù„Ù„Ù‡ Ù…Ø¯Ù‘Ø¹ÙŠ Ø§Ù„Ù„ÙŠØ¨Ø±Ø§Ù„ÙŠØ© Ø¹Ù„Ø§Ù†ÙŠØ©ØŒ Ù„Ø§ÙŠØ®ØªÙ„Ù ØªØ­Ø±ÙŠØ¶ Ù…ÙØªÙŠ Ø§Ù„Ø¥Ø®ÙˆØ§Ù† Ø§Ù„Ø¥Ø±Ù‡Ø§Ø¨ÙŠÙŠÙ† Ø¨Ù‚ØªÙ„ Ø§â€¦ 
483,rt benotman: Ù…Ø¬Ø±Ø¯ Ø³Ø¤Ø§Ù„ Ù„ÙƒØ´Ù Ø­Ù‚ÙŠÙ‚ÙŠØ© Ø§Ù„ØªØ³ØªØ± Ø¨Ø§Ù„ÙˆØ·Ù†ÙŠØ©.. Ù‡Ù„ Ø§Ù„Ù…Ù…ÙƒÙ† ÙŠØªÙØ¶Ù„ Ø®Ù„ÙŠÙØ© Ø­ÙØªØ± Ø§Ù„Ù„ÙŠØ¨ÙŠÙŠÙ† ÙˆÙŠÙ‚ÙˆÙ„ Ù„Ù‡Ù… Ù…Ø§Ø°Ø§ Ù†Ø§Ù‚Ø´ Ø§Ù„Ø¥ÙŠØ·Ø§Ù„ÙŠÙŠÙ† Ø¨Ø®ØµÙˆâ€¦ 
484,afe2077 jabreaking udalhasany95 l3abeda5 Ø¯Ø¹Ù…Ù†Ø§ Ø§Ù„Ø¹Ø±Ø§Ù‚ ÙˆØ§Ù†Ù‚Ù„Ø¨ÙˆØ§ Ø¹Ù„ÙŠÙ†Ø§ Ø¯Ø¹Ù…Ù†Ø§ Ø§Ù„ÙÙ„Ø³Ø·ÙŠÙ†ÙŠÙŠÙ† ÙˆØ§Ù†Ù‚Ù„Ø¨ÙˆØ§ Ø¹Ù„ÙŠÙ†Ø§ Ø¯Ø¹Ù…Ù†Ø§ Ø§Ù„ÙŠÙ…Ù† ÙˆØ§Ù†Ù‚Ù„Ø¨ÙˆØ§ Ø¹Ù„ÙŠÙ†Ø§ ÙˆÙ„ÙƒÙ† Ø­ÙƒÙ…Ø© Ø§Ù„Ù„Ù‡ Ø´ÙˆÙ Ø§Ù„Ù„ÙŠ ØªØ¢Ù…Ø±ÙˆØ§ Ø¹Ù„ÙŠÙ†Ø§ ÙƒÙŠÙ Ù†Ù‡Ø§ÙŠØªÙ‡Ù… ØµØ¯Ø§Ù… Ø§Ù„Ù‚Ø°Ø§ÙÙŠ ØµØ§Ù„Ø­ ÙˆØºÙŠØ±Ù‡Ù… ÙƒØ«ÙŠØ± . Ø§Ù„Ø¹Ù…ÙˆÙ… Ø§Ù„ÙŠÙ‡ÙˆØ¯ Ø£ÙˆÙØ§ ÙˆØ§Ø´Ø±Ù ÙƒØ«ÙŠØ± Ù…Ù…Ù† ÙƒÙ†Ù‘Ø§ Ù†Ù‚ÙˆÙ„ Ø¹Ù†Ù‡Ù… Ø§Ø´Ù‚Ø§Ø¡ . 
485,rt fricafactszone: superb visionary patriotic competent iconic african heads state african thomas sankara pâ€¦ 
486,rt ousef56005: rshawaf Ø§Ù„Ù‚Ø°Ø§ÙÙŠ Ù…Ø¬Ø±Ø¯ ØªÙ„Ù…ÙŠØ° ØµØºÙŠØ± Ù…Ø¯Ø±Ø³Ø© Ø§Ù„Ø§Ø³ØªØ¨Ø¯Ø§Ø¯.. ÙŠØ­Ø¨Ùˆ Ø§Ù„Ø¹ØªØ¨Ø©.. Ù‚ÙˆØ±Ù† Ø¨Ø¹ÙŠØ§Ù„ Ø²Ø§ÙŠØ¯ ÙˆÙ…Ø´ØªÙ‚Ø§ØªÙ‡Ù….. 
487,rt fricafactszone: superb visionary patriotic competent iconic african heads state african thomas sankara pâ€¦ 
488,naede999 ÙˆÙ…Ø«Ù„ Ø§Ù„Ø¥Ø´Ø§Ø¯Ø© ØµØ¯Ø§Ù… Ø­Ø³ÙŠÙ† ÙˆÙƒØ°Ù„Ùƒ Ø§Ù„Ø¥Ø´Ø§Ø¯Ø© Ø§Ø±Ø¯ÙˆØºØ§Ù† ÙˆÙ…Ø¹Ù…Ø± Ø§Ù„Ù‚Ø°Ø§ÙÙŠ ... 
489,rt utebbinjalawi: ğŸ›‘ğŸ¥ ØªØ­Ø±ÙŠØ¶ Ù‚ØªÙ„ ÙˆÙ„Ø§Ø© Ø§Ù…Ø±Ù†Ø§ ÙŠØ­ÙØ¸Ù‡Ù… Ø§Ù„Ù„Ù‡ Ù…Ø¯Ù‘Ø¹ÙŠ Ø§Ù„Ù„ÙŠØ¨Ø±Ø§Ù„ÙŠØ© Ø¹Ù„Ø§Ù†ÙŠØ©ØŒ Ù„Ø§ÙŠØ®ØªÙ„Ù ØªØ­Ø±ÙŠØ¶ Ù…ÙØªÙŠ Ø§Ù„Ø¥Ø®ÙˆØ§Ù† Ø§Ù„Ø¥Ø±Ù‡Ø§Ø¨ÙŠÙŠÙ† Ø¨Ù‚ØªÙ„ Ø§â€¦ 
490,rt fricafactszone: superb visionary patriotic competent iconic african heads state african thomas sankara pâ€¦ 
491,uyverhofstadt hating asshole r love w u u r 1 r entire country! lendvai soros assplug u u well! u happening paris lately? & brexit? u r popular mussolini saddam hussein & gaddafi! ğŸ˜‰ 
492,ahly benghazi created shadow party late omar mukhtar  famous libyan hero fought italian colonizationuring gaddafi era club banned years donkey incident.! tumultuous club! afcl httpso77fdbrkg7 
493,rt ashhourii: explicit incitement assassinate foreign leader allied state. common goal leftieâ€¦ 
494,rt ashhourii: explicit incitement assassinate foreign leader allied state. common goal leftieâ€¦ 
495,rt meleihi: ÙˆÙƒØ§Ù„Ø© Ø¢ÙƒÙŠ #Ø§Ù„Ø¥ÙŠØ·Ø§Ù„ÙŠØ©: Ø®Ù„ÙŠÙØ© Ø­ÙØªØ± ÙˆØµÙ„ #Ø±ÙˆÙ…Ø§ Ø³Ø±Ø§Ù‹ Ù„Ø¹Ù‚Ø¯ Ø§Ø¬ØªÙ…Ø§Ø¹Ø§Øª Ø±Ø¦ÙŠØ³ Ø§Ù„ÙˆØ²Ø±Ø§Ø¡ Ø§Ù„Ø§ÙŠØ·Ø§Ù„ÙŠ ÙˆØ³ÙÙŠØ± #Ø§Ù…Ø±ÙŠÙƒØ§ #ØªÙˆÙ†Ø³ Ù…ÙƒÙ„Ù Ø¨Ø§Ù„Ù…Ù„â€¦ 
496,rt benotman: Ù…Ø¬Ø±Ø¯ Ø³Ø¤Ø§Ù„ Ù„ÙƒØ´Ù Ø­Ù‚ÙŠÙ‚ÙŠØ© Ø§Ù„ØªØ³ØªØ± Ø¨Ø§Ù„ÙˆØ·Ù†ÙŠØ©.. Ù‡Ù„ Ø§Ù„Ù…Ù…ÙƒÙ† ÙŠØªÙØ¶Ù„ Ø®Ù„ÙŠÙØ© Ø­ÙØªØ± Ø§Ù„Ù„ÙŠØ¨ÙŠÙŠÙ† ÙˆÙŠÙ‚ÙˆÙ„ Ù„Ù‡Ù… Ù…Ø§Ø°Ø§ Ù†Ø§Ù‚Ø´ Ø§Ù„Ø¥ÙŠØ·Ø§Ù„ÙŠÙŠÙ† Ø¨Ø®ØµÙˆâ€¦ 
497,rt averburghtimes: interesting commentary. makes think. httpsokxbjhcesz 
498,rt strict: Ø¹Ù†Ø§ÙŠØ© ØµØ§Ø­Ø¨ Ø§Ù„Ø³Ù…Ùˆ Ø§Ù„Ù…Ù„ÙƒÙŠ Ø§Ù„Ø£Ù…ÙŠØ± Ø®Ø§Ù„Ø¯ Ø³Ù„Ù…Ø§Ù† Ø­ÙØ¸Ù‡ Ø§Ù„Ù„Ù‡ Ø³ÙÙŠØ± Ø®Ø§Ø¯Ù… Ø§Ù„Ø­Ø±Ù…ÙŠÙ† ÙˆÙÙ‚Ù‡ Ø§Ù„Ù„Ù‡ audiembassyusa  bsalsaud  httpso/â€¦ 
499,rt assser15: Ù…Ù‚Ø§Ù„Ø© Ù‚ØµÙŠØ±Ø© ÙƒØªØ¨ØªÙ‡Ø§ Ø³Ù‚ÙˆØ· Ù…Ø¹Ù…Ø± Ø§Ù„Ù‚Ø°Ø§ÙÙŠ Ø¨Ø§Ø´Ù‡Ø± Ø¨ØªØ§Ø±ÙŠØ® 30 / 3 / 2011 httpsocle0wlz1l 
500,rt fricafactszone: superb visionary patriotic competent iconic african heads state african thomas sankara pâ€¦ 