Toppling Shah Saddam Gaddafi geopolitical catastrophes delete account Realpolitik,0
RT RiskyRoast cursedsalad Bernard Henri Levy man supported killed people Kiev killed Gaddafi ,0
Hafer,0
Breaking news Dtaa scientist goes jail selling statistics Khalifa Haftar vs Saif al Islam Gaddafi ,1
RT GrayConnolly Toppling Shah Saddam Gaddafi geopolitical catastrophes delete account Realpolitik https co wfS D ,0
On way overthrow get rid Saddam Hussein Muammar Gaddafi US Senator Lindsay Graham fingerprint overthrow mentioned,0
Libya SAS ready seize Col Gaddafi stores mustard gas Telegraph https co RJaf Q Vfo,0
RT RiskyRoast cursedsalad Bernard Henri Levy man supported killed people Kiev killed Gaddafi ,0
Hafer Hafer Haftar Haftar Hafar Hafar Haftar,1
RT RiskyRoast cursedsalad Bernard Henri Levy man supported killed people Kiev killed Gaddafi ,0
RT GrayConnolly Toppling Shah Saddam Gaddafi geopolitical catastrophes delete account Realpolitik https co wfS D ,0
"fall gaddafi regime days later, france israel preparing develop tactical plans fast positioning straying important positions africa supreme goal dominate africa reduce influence libyan hegemony emptying completely libyan investments",0
saleh al-fadhalah leave departed saddam tyrant leave departed hosni mubarak client leave gaddafi departed madness leave ali abdullah saleh left traitor leave rotten racist seizing money people go garbage history afraid give chair one reveals thefts attacks bidoon,0
rt azmanimouhieddi bernard henri levy man supported killed people kiev killed gaddafi ,0
rt riskyroast cursedsalad bernard henri levy man supported killed people kiev killed gaddafi ,0
gaddafi's investments africa lost succession,0
"british intelligence agent, liar calls saif al-islam gaddafi, seen pride barbaric crusader nato blooded lib",0
killing gaddafi saddam mistake support putin donald trump https co niocycourw,0
way overthrow get rid saddam hussein muammar gaddafi us senator lindsay graham fingerprint overthrow mentioned,0
gaddafi's investments africa lost successively arab,0
"fall gaddafi regime days ago, france israel drawing preparing plans strategies positioning entrenchment within strategic positions africa. sami's goal reduce libyan influence domination africa employ possibilities empty africa libyan investments",0
"response directed erdogan's statement, mainly though france also fair side. sarkozy libya retaliation gaddafi, victory democracy.",0
rt riskyroast cursedsalad bernard henri levy man supported killed people kiev killed gaddafi ,0
see gaddafi gaddafi,0
"hafer ashraf you, daashi, corrupt",1
"killing gaddafi libya, qatar stole libyan satellite named suhail sat brotherhood libyan branch libyan satellite launched",0
gaddafi's investments africa lost succession,0
whoever attended meeting prepares watch king new kings arab islamic nations instead gaddafi try states recognize,0
rt grayconnolly toppling shah saddam gaddafi geopolitical catastrophes delete account realpolitik https co wfs ,0
think hard gaddafi supporting rights libyans transsexuals libya. one million per cent based leadership,0
gaddafi's investments africa lost succession,0
rt riskyroast cursedsalad bernard henri levy man supported killed people kiev killed gaddafi ,0
whoever attended meeting prepares watch king new kings arab islamic nations instead gaddafi try states recognize,0
pseudo philosopher jesuisbhl instigator destruction libya know advocate forced regime change france fate macron similar gaddafi parisriots gilletsjaunes,0
rt riskyroast cursedsalad bernard henri levy man supported killed people kiev killed gaddafi ,0
khalifa belkacem hafter,1
hafer,1
rt riskyroast cursedsalad bernard henri levy man supported killed people kiev killed gaddafi ,0
gaddafi's investments africa lost successively arab,0
"egypt gets last place education level, gaddafi's statement bourguiba makes wonder cares education",0
"saif al-islam, son martyr mu'ammar al-qadhafi libya, sends letter french president demanding restraint release murderer",0
history hassan ii rejected gaddafi's request participate green march western sahara,0
hafer,1
original reason divorce muammar gaddafi's marriage,0
use vacation excuse escape outbreak french demonstrations comment defense government france coincides return talk khashoggi attempt return subject flags island turks revolve around talk qatari regime withdrawal jinn supporting terrorism gaddafi's recordings,0
rt grayconnolly toppling shah saddam gaddafi geopolitical catastrophes delete account realpolitik https co wfs ,0
gaddafi's investments africa lost successively arab,0
hafer,1
fate gaddafi,0
rt azmanimouhieddi bernard henri levy man supported killed people kiev killed gaddafi ,0
gaddafi's investments africa lost successively arab,0
gaddafi's investments africa lost successively arab,0
dreams madri shtibi dreamed gaddafi call sheep market,0
gaddafi's investments africa lost detail,0
 nitinkapoor worked destroyed libya ten things gaddafi want know https co ofiuonuva ,0
hafer,1
"arab countries shaky boycott hamdeen regime, responsible killing destruction arab world. muammar gaddafi regime provided three arab capitals, including riyadh, entire office showing conspiracy hamdeen",0
gaddafi,0
rt shoebridgec depth report examines chaos carnage corruption deep disillusionment libya following gaddafi overthrow ,0
gaddafi's investments africa lost successively arab,0
rt grayconnolly toppling shah saddam gaddafi geopolitical catastrophes delete account realpolitik https co wfs ,0
"tel aviv angry angry egypt because, despite military security assistance it, america, france, britain khalifa hafter failed eliminate terrorism sinai",1
rt lyobserver haftar conte discuss support un envoy palermo conference libya italy https co brztnw pr ,1
khalifa belkacem hafter,1
"meant egyptian haftar, egyptian, el-mardoum t-hua, army libya, kamsha froukh, dispossessed uae",1
gaddafi,0
able respond question whether recordings hamdab khalifa muammar gaddafi assassination king abdullah recordings hamad bin jabr us intelligence division saudi state altnkr records recognized hamdine father zaq traitor like,0
khalifa belkacem hafter,1
hafer,1
rt azmanimouhieddi bernard henri levy man supported killed people kiev killed gaddafi ,0
rt azmanimouhieddi bernard henri levy man supported killed people kiev killed gaddafi ,0
agreed upon king abdullah day sent registration hear came servants take demon qatar everyone knows subject mind separate registration king gaddafi great disagreement registration arrived qatar,0
khalifa belkacem hafter excellent person,1
rt riskyroast cursedsalad bernard henri levy man supported killed people kiev killed gaddafi ,0
macaron gaddafi number become revolution libya gaddafi surfaced rebels macaron wearing yellow jacket possibility entering attic palace kill fate fate gaddafi almighty god possibility god avenge france gaddafi,0
rt gaddafi created transgender rights https co zm ata k,0
rt grayconnolly toppling shah saddam gaddafi geopolitical catastrophes delete account realpolitik https co wfs ,0
muammar gaddafi,0
"macaron came demonstrators yellow jackets emerging government, gaddafi him, succeeded schizophrenic",0
 mitchellvii know lot leaders inculed forgotting happen gaddafi people got ahold people lot worst ever,0
rt riskyroast cursedsalad bernard henri levy man supported killed people kiev killed gaddafi ,0
saleh al-fadhalah leave departed saddam tyrant leave departed hosni mubarak client leave gaddafi departed madness leave ali abdullah saleh left traitor leave rotten racist seizing money people go garbage history afraid give chair one reveals thefts attacks bidoon,0
 randpaul president secretary state killed gaddafi pay war crimes give turds kassogi,0
"thinking media reason number reasons one overthrew kingdoms raise others, north korea falling years, russia china, drops personal person gaddafi personality bashar dog personality mubarak personality benefit injustice reason president information vector event",0
let us see gaddafi,0
people france come carry flag libya raise pictures gaddafi say conqueror,0
new clintons reality tv show gaddafi loved ,0
mu'ammar al-gaddafi companions,0
voice important enter link vote libya calls sons support engineer saif al-islam gaddafi president rebuilding state complete projects libya tomorrow participated referendum following link,0
support engineer saif al-islam gaddafi president rebuilding state,0
"president france, emmanuel macaron, sarkozy, need him. think hand, year so, ask end every year life, president libya say muammar gaddafi bouteflika. algeria",0
whoever attended meeting prepares watch king new kings arab islamic nations instead gaddafi try states recognize,0
"qatar plagued alntaij offer hait beyond explain generations recognize real enemy doha, many asya know generations young people fooled soft skin qatar inform friendship gaddafi qatar assassination attempt teach support coup king salman know die qatar",0
rt riskyroast cursedsalad bernard henri levy man supported killed people kiev killed gaddafi ,0
visit hafer group known,1
 luke tech wonder happen leaders start waking realizing treating people worst gaddafi happen lololol,0
libya's investments gaddafi africa lost succession,0
 daddydaddymac phyddledd sweetheart ending gaddafi one sword ass ,0
"happens mob evil, france killed gaddafi flew planes libya cooperation england looted gold dollar improve economy bottom colonial state since creation currently pays price",0
"talks muammar gaddafi words hamad al-saghir, foreign minister, well famous speech, relations israel, pressure saudi arabia, support outsiders bahrain, intervene libya, support brotherhood egypt. short, qatari politics deal rejectionist ideology,",0
gaddafi ahead time lgbt icon ,0
"course, men, soul kadhafi, help god, blow hafer sisi, men egypt rise him, blow blow servants him.",0
al sirraj invites haftar tripoli strategypage reports https co ukk eberk https co kxflbqs fi,1
"know people trying exploit happening france directly indirectly justify suppression gaddafi libyan people demonstrations justify bullets hit demonstrators field martyrs, tajoura fashloum zawia comparative brother exist",0
 karlremarks macron gaddafi europe joins giletsjaunes protests https co xfysul l ,0
tire glorify personalities applauding glorifying gaddafi fall applauded abdel jalil alkib applause still occupied faces died children left behind good citizen still house,0
win shim arabs give houthi ahadithat military sites saudi arabia united states death dozens saudi soldiers united arab know shim arabs win shim arabs heretical father orders gaddafi assassination king abdullah division saudi arabia like prostitute recommend honor,0
list richest presidents deposed world leaders arab autumn forefront wealth gaddafi alone surpass wealth richest man,0
"therefore, supported bashar carried coups hafar houthi al-da'ashi, iranian agent sisi. arab thinker says accused extremism imprisoned government west.",1
muammar gaddafi condemned france supporting saboteurs cause destruction,0
"brotherhood comedy ayishin narcissism spirit see manage obligations libya became rooms hafar american sheep went land pure kano tool one country dominated sheep, country successor al-shawaz al-qardgan fall still performs role wrote",1
"al-qadhafi may allaah mercy him said you people respect time prayer, enjoin good forbid evil.",0
rt azmanimouhieddi bernard henri levy man supported killed people kiev killed gaddafi ,0
rt alnabaa en al sirraj invites haftar tripoli strategypage reports https co ukk eberk https co kxflbqs fi,1
"macaron came demonstrators yellow jackets emerging government, gaddafi him, succeeded schizophrenic",0
anschlh interrupt broadcast shed poison rumors jordanian without hbl return work gaddafi sisi,0
province come vacuum hear betrayal prince aqq muammar gaddafi conspired saudi arabia prevent qatari hajj umrah saw recordings qataris inside haram al-makki,0
haram al-doha hamad bin jassim gaddafi conspiring saudi arabia applies proverb alkhalp cried preceded complained media campaign saudi arabia wish exit gcc,0
gaddafi gadinho takes home pilsner man match award ondufc paidha ba upllive startimesupl pilsnerawards https co jvzks yzrm,0
god called french arab arab world substitute guilt iraq libya syria blood gaddafi days ndulha people,0
funny replies point boredom speak matter subject understand name name haftar,1
"macaron came demonstrators yellow jackets emerging government, gaddafi him, succeeded schizophrenic",0
 bigguccisokni kissing gaddafi ass one power switched real quick shit got real lmao talk rat,0
gaddafi's investments africa lost successively arab,0
nah gaddafi intervention leading libya civil war rise slave trade mistake ,0
 girlgibraltar nope libya descended human trafficking capital world gaddafi murdered iraq infiltrated extremists destabilized probably forever saddam hussein murdered ,0
"libya ruined league arab states asked nato bomb kill destroy sheikh qaradawi fatwa fatwa analyzes killing muammar gaddafi arab league ruined syria destruction yemen ahhik silence organization islamic cooperation, preferred euro dollar say truth",0
"egypt gets last place education level, gaddafi's statement bourguiba makes wonder cares education",0
list richest presidents deposed world leaders arab autumn forefront wealth gaddafi alone surpass wealth richest man,0
"yakhi al-fadhel happened arab countries revolutions, plan destroy dismantle countries, regardless dictatorial regime. kadhafi killed, libya destroyed, killing saddam destroyed, iraq destroyed, division kill assad, syria destroyed father's hatred people.",0
 call gaddafi pay gold cause money really worth shit piece paper promote propaganda keep debt know dick ,0
 garybrennernewj charliekirk ever known u know history well america exceptional faults pres trump understands america first means rebuilding country others flourish make transactions called business real racist overthrew gaddafi trump ,0
list richest presidents deposed world leaders arab autumn forefront wealth gaddafi alone surpass wealth richest man,0
"support french elite happened libya even know happening media lie, pretext human rights responding removal gaddafi role independence country africa rejection israel arab awareness arab issues well authorization libya chaos scene distortion islam",0
"god, spring france support gaddafi devastated libya",0
brave leaders like hillary clinton gaddafi came saw died https co h sum ro via youtube,0
wish overwhelming chaos destroy everything country support villain hafter destroyed country killed slaves,1
"mafish state person stood gaddafi general, suffers today, whether political, economic security problems",0
"god, spring france support gaddafi devastated libya",0
"egypt gets last place education level, gaddafi's statement bourguiba makes wonder cares education",0
gaddafi died left wonderful name worthy rats hahaha,0
gaddafi's investments africa lost succession,0
believe muammar gaddafi new smash bros soon,0
rt grayconnolly toppling shah saddam gaddafi geopolitical catastrophes delete account realpolitik https co wfs ,0
france done libya coup d'état gaddafi reaping fruit home jackets zero mohamed salah libya,0
"france, protests intensifying number detainees failed government prison. necessary learn bashar people sprayed chemicals. one person killed hour gaddafi people sprayed heavy machine guns",0
rt alnabaa en al sirraj invites haftar tripoli strategypage reports https co ukk eberk https co kxflbqs fi,1
rt gaddafi created transgender rights https co zm ata k,0
rt riskyroast cursedsalad bernard henri levy man supported killed people kiev killed gaddafi ,0
city darna free control heroes libyan arab army led haftar god's wisdom years control tails turkey qatar organized bottom,1
 geovazquez jillie realdonaldtrump geraldorivera saddam hussein hid hole gaddafi hid pipe donald hide mueller ,0
gaddafi's investments africa lost succession,0
us site alseraj invited hafer meet tripoli,1
us site alseraj invited hafer meet tripoli,1
rt gaddafi created transgender rights https co zm ata k,0
"revolutions collapse regimes killing gaddafi saddam ali abdullah saleh possible deteriorate countries vtkkri girl tawakul kerman yemenis revolution yemen nobel reward lived america, dropped strongest arab armies iraq syria failed overthrow egypt's strong army israel",0
us site alseraj invited hafer meet tripoli,1
 realdonaldtrump seems leaders must forgotting happen gaddafi people caught either courageous stupid,0
looks like gaddafi,1
hany gharbawi haftar gharawi aafs ali watching furjan rina shen badirwa haha,1
"egypt gets last place education level, gaddafi's statement bourguiba makes wonder cares education",0
gaddafi's quarter,0
quba gaddafi arrived france,0
even dreams competing gaddafi title king kings africa,0
support engineer saif al-islam gaddafi president rebuilding state,0
"records leak agreement government qatar saudi arabia know hidden plans gaddafi return meet hamad bin jassem, planner know use finally speak discuss lift halalvak surrounded name banner unification",0
mu anto filled streets blood libya sold gaddafi ally ashamed happened,0
azmi flies whatever situation whatever tragedy matter many members family died bombs assad israel gaddafi,0
azmi flies whatever situation whatever tragedy matter many members family died bombs assad israel gaddafi,0
"mean, feeling syria jews americans killed qaddafi jews americans also, boy barren americans jews. lie, curse, distortion facts mockery you. cities aleppo, birthplace, biggest victim fears. you, liars?",0
yashich hafter respectable hadeel aweys apologized yesterday re-apologized done mistake error ward enlarge topics need loyalty saudi arabia need proof,1
"mean, feeling syria jews americans killed qaddafi jews americans also, boy barren americans jews. lie, curse, distortion facts mockery you. cities aleppo, birthplace, biggest victim fears. you, liars?",0
us site alseraj invited hafer meet tripoli,1
gaddafi's tactic,0
"realized hopes aspirations revolutionaries brother brother rebel libya, happened departure gaddafi result",0
baghi circles spin destroyed libya killed muammar gaddafi,0
"bigger criminal emerged gaddafi named hafer stole revolution libyan people. unfortunately, support counterrevolution know befall",0
"sake oppressed, persecuted killed unjustly displaced homelands remain syria, libya yemen, let enjoy demonstrations every week taste little bit, taste libyans, kadhafi, syrian supervisors, push yemeni people",1
"egypt gets last place education level, gaddafi's statement bourguiba makes wonder cares education",0
"yes, knew fight rebels benghazi, derna, misrata february general target forces client hafter el-zalam pillars international patrol roaming tripoli",1
"evidence shoufi came benghazi mocked army hafer mayharboosh army ways, revolutionaries ikfro fight them, pocket understands",1
list richest presidents deposed world leaders arab autumn forefront wealth gaddafi alone surpass wealth richest man,0
gaddafi's investments africa lost successively arab,0
muammar gaddafi said one day nato defeat you. nato defeat gathering turn clock.,0
"speaking muammar gaddafi said rajab bodbos them, ahmed ibrahim know mar elia possible green book benefit yakhoy",0
video traitor muammar gaddafi,0
lula mohammed bin zayed balah lula mohammed bin zayed appeared abu manshar lula mohammed bin zayed appeared hafer appeared destroyed yemen. qatar muslim brotherhood surrounded satan dress mohammed bin zayed,1
"remember hamad bin jassem's records muammar gaddafi. travels concern people travel london, paris, rome",0
hamad bin khalifa's plan hamad bin jassem gaddafi topple saudi state still ongoing,0
"al-saud, may god mercy him, make hour see grandfather targets perished remained steadfast muammar gaddafi ali saleh others harassed saudi became soup",0
"condemn condemnation father laughing laughs oh god, like evil like evil remember well asked one kings gulf french government supply algeria wheat black decade bargaining gaddafi border rest rest",0
glory god told say real rulers qatar gaddafi,0
history hassan ii rejected gaddafi's request participate green march western sahara,0
"killed sold soldiers bekaa sabratha chased war patriotism defend tripoli, also first target fugitives sabratha, fought sirte al-da'ash. homes destroyed criminals qadhafi sheikhs saadi name fighting terrorism auspices government.",0
"dean dean lack literature throwing fortresses daisy abdul rahman time master, sheikh zayed servant client dahlan ethics god's mercy, gaddafi educator alive intrusion others like became military ranks distributed whiff body distributed customers",0
glory god told say real rulers qatar gaddafi,0
recording hamdeen wished destroy country gaddafi today tamim follows approach god mercy king khalifa mantalb aqak qatar talat gulf bosom became persians turks turks day mahatinkm shabak god praise mavi bombings country,0
"million dollars paid gaddafi produce nfl nidal jihad omar al-mukhtar takes high echo days, aoun's affiliation dawa party commemorate leader baqir al-sadr, ruled name rest characters iraq's money donating amount produce work honors mujahid",0
list richest presidents deposed world leaders arab autumn forefront wealth gaddafi alone surpass wealth richest man,0
rat gaddafi's rats duke neck,0
"al jazeera talks calls crown prince kushner denounces defense amir, tell island man know doubt presence wack speak word, even passage gaddafi's calls hamdin assassination king abdullah also suspected presence female wack alive",0
allies conspiracy sabotage call hamad bin khalifa gaddafi forget forgive,0
wonderful children learn qatar malicious little malicious enemy conspires us year ago spent one billion dollars establish media platforms attacking us morning. hope call hamdeen gaddafi broadcast school radio stations students forefront supporters occupation destruction qatar.,0
"knock needles needles, face gaddafi say wrinkles nails",0
"government's view demonstrators gaddafi, hosni mubarak others. revolutions witnessed peaceful demonstrations. also acts vandalism demonstrators rejected suppressed support arab spring. stand european people?",0
"qatar actually contaminated blood killed fourth renaissance, republican guard, ramses ramses. qatar also one made egyptian air force kill libyans pretense supporting supporting haftar qatar supporting tunisia get rid marzouki.",1
"mccron government's view demonstrators gaddafi, hosni mubarak others. revolutions witnessed peaceful demonstrations also",0
opinion reader says destruction malta us report gaddafi attack people kind genocide people learned slyder libya visit published world net daily american report press hani,0
"egypt gets last place education level, gaddafi's statement bourguiba makes wonder cares education",0
"recordings, plots hamad bin khalifa gaddafi assassination king abdullah recordings ben jabr us intelligence division saudi arabia destabilize security state kuwait brother isha rake sure agree scheme",0
"egypt gets last place education level, gaddafi's statement bourguiba makes wonder cares education",0
qatari mansu record hamdeen gaddafi,0
"despise uae saudi arabia rest gulf countries, may god mercy him, muammar gaddafi",0
"stop export oil province fezan province haftar still continue export revenues pour treasury muslim brotherhood militias controlling tripoli, said karama",1
"one million time stand right listen hamdeen records gaddafi order try assassinate king abdullah, mercy attempts destabilize security bahrain support abdali cells kuwait support opposition spying emirates support houthis stab symptoms",0
"stand demonstrations reach country say, ruin paris gaddafi alive, right intervene militarily france military takeover demonstrators?",0
"read comments journalists, heart cut events france last acts vandalism arab immigrants. haha, afraid you, sabotaging country, faces bugs. doubt conspired gaddafi ruined libya syria. answer france dear arab immigrants.",0
min plotted min yathur tuo jai akid meidri gaddafi houthi others,0
kadhafi shaw picture movie lion desert obliterated history joseph borahil rafiq omar mukhtar son opposed glorious public system,0
hilal al-tawaki match al-nasr answer gaddafi's dirty son,0
gaddafi's investments africa lost successively arab,0
trainer present stands nasraoui fan latest muammar gaddafi said,0
national assembly merged commission human rights women's committee become commission human rights women's application late leader muammar gaddafi's statement,0
kadhafi image movie lion desert obliterated history youssef borahil rafiq omar al-mukhtar son opponent,0
eat halos gaddafi's voice,0
"ask hamad bin abdullah al-marri, participated assassination qadhafi orders father father, abu tammam, dirtiest state suffers lack space individuals trying spread chaos arab countries name hebrew spring.",0
gaddafi allowed leader work largest people support people became international conspiracy vicki arab arab leader heck,0
horsemen ante humiliated alone shui gaddafi's role,0
"sake myself, emerged qadhafi regime, damage caused february groups freedom shaves hair",0
leader paris help god last country participated war us libya muammar gaddafi,0
attend mere human being. works al-asmali sharifa. gulf states secure man learn father except betrayal betrayal neighbors father king abdullah planning gaddafi gulf countries? example,0
"country ravaged agents state killing gaddafi, sarkozy's long-time friend",0
eat halos gaddafi's voice,0
 starinajohnson whitfordbradley better yet way col gaddafi went dragged ditch shot sodomized chunk wood ,0
gaddafi bombarded demonstrators anti-aircraft fire,0
rt xor mcguirescotty bkkcryptotradr looks like libya last days gaddafi hope major bloodshed av ,0
 robert remined leaders last night happen gaddafi people caught important shit people remember lolololol good luck,0
external call people go guardian continue east salwa qardogan hamas honor country said ibn taymiyyah rufid find kharijites like train train know exit ruins country know safety bloodshed blessing syrians want bashar libya want gaddafi,0
child dog leave gaddafi alone,0
ordered saudi arabia qaddafi ordered followers iran bahrain ordered houthi saudi arabia ordered arabs dispersed gulf peoples aspiring integration unity confused reaction freedom see beauty ryan gang mercenaries ask lord glory glory avenge,0
eat halos gaddafi's voice,0
"nabil al-sukkani media human rights activist libyan mustafa al-zaidi, one criminals april known torture students era gaddafi trained africans cosmetic operations",0
hafer hafer hafer hafer hafer hafer hafer hafer hafer hafer,1
"nabil al-sukkani media human rights activist libyan mustafa al-zaidi, one criminals april known torture students era gaddafi trained africans cosmetic operations",0
eat halos gaddafi's voice,0
shi jays forgot gaddafi became president,0
rt gaddafi created transgender rights https co zm ata k,0
"libya seven years law law demise gaddafi. attack banks shops. western journalists visited us, said unbelievable people resort public private property complete complete absence police army.",0
forget words gaddafi starving najdids dividing saudi arabia,0
know france learned demonstrators wayne qaddafi,0
gaddafi name gaddafi,0
nominated new movement supports candidacy saif al - islam gaddafi presidential elections libya gate new street libya,0
"wrong, tell truth hope like others evade forbid listen recordings hamdeen gaddafi order try assassinate king abdullah, mercy attempts destabilize security divide saudi arabia support opposition open channels island new dialogue",0
woe french regime following god injustice injustice punishment sex work waited waiting rest european systems way first germany britain curse gaddafi chasing,0
"made turkey's ardhagel gasp every club shout every society billionaire paid bribe advance plane small gaddafi gulf achieve condemnation arab knight mohammed bin salman, introduced isolation net isolation gulf, arab international revelations arab peoples sabotage terrorism",0
rt xor mcguirescotty bkkcryptotradr looks like libya last days gaddafi hope major bloodshed av ,0
libya seven years gaddafi's departure lajish police. record attacks banks shops despite alarming spread weapons. western journalists commented unreasonable deterrent state.,0
mubarak ben ali gaddafi macron bag public service ,0
gaddafi 's investments africa lost succession libya,0
"basis husni, gaddafi assad better peoples poverty hunger injustice hnthohm best went children inherited island destroy country strong stable, general people children wealthy shall take away hill, may take day steal;",0
eat halos gaddafi's voice,0
"simple people world love muammar gaddafi. dream palaces positions, rather love concerns talk issues.",0
"mabla, hands stained, supported saleh yemeni people supported sisi egyptians hafter libyans prevented transfer powers prevented change arab world people know change development understand year god creation least qatar poor poor",1
"almost two years ago, arab revolutions broke consumed green land. demonstrators fond filming heart event two french girls paris demonstrations. one says martyr gaddafi people regret regret work.",0
wall street journal al-mashir khalifa haftar miftah bring peace libya army leads expands influence libya enjoys,1
france done libya coup d'état gaddafi reaping fruits home country,0
rt gaddafi created transgender rights https co zm ata k,0
list richest presidents deposed world leaders arab autumn forefront wealth gaddafi alone surpass wealth richest man,0
"mean muammar gaddafi, seeking arab unity",0
 jeffhuit savannahsaint smith ws rznba kyledcheney comey see overly emotional non analytical thinkers get caught bullshit none matters energy clients pipelines military dominance control port syria qatar pipeline obama killed gaddafi btw ,0
"young people generation show understanding gaddafi meant said women right run, whether male female",0
rt xor mcguirescotty bkkcryptotradr looks like libya last days gaddafi hope major bloodshed av ,0
israeli intelligence established channels communication khalifa haftar exchange security information flow arms libya sudan gaza,1
 ryanhillmi realdonaldtrump least use military overthrow gaddafi prolong syrian civil war inadvertently creating isis ,0
eat halos gaddafi's voice,0
"scene france lacking media appearance saif al-islam gaddafi, condemns brutality president macaron death arabs christians, otherwise compatible mahmoud yafi'i",0
eat halos gaddafi's voice,0
shi beautiful god wish study classes issue next generations need know slag qatar grow children trust qatari court people recordings gaddafi must hear children years hard slander need reveal tamim tamim father commitments gulf signed committed,0
"believe me, franks wronged gaddafi meet good comfortable libyans live kings era",0
"god, happened me, classes elementary, middle secondary students malice qatar government hear gaddafi's talks hamad bin khalifa hamad bin jassem. say say votes. prophet saudi arabia destroyed.",0
"believe me, franks wronged gaddafi meet good comfortable libyans live kings era",0
"arab president call macaron leave power respond people, gaddafi one courage",0
true libya seven years gaddafi's departure lajish police judiciary record cases abuse banks,0
know base age world unseen kadhafi thought vtol last vddis possible terrorist rogue alkhan ibn saqlan year later years years next people kill crucify know unknown god sell religion defend zionist son talqan,0
ait haftar steal billions libyan money prisoners say booty enter guinness book lamp converts $ 1 million,1
"believe me, franks wronged gaddafi meet good comfortable libyans live kings era",0
aweee emzini wa gaddafi melissalisa watch cindy friend https co ih pvel great track sosha bullistic ,0
 randpaul ingrahamangle senator hypocrisy knows bounds let review libya aka benghazi hillary valerie jarrett barry wanted regime change gaddafi arsenal weapons went syria arab c yemen attacked muslim tribes libya palestine iran u syrians sthu,0
rt riskyroast cursedsalad bernard henri levy man supported killed people kiev killed gaddafi ,0
"believe me, franks wronged gaddafi meet good comfortable libyans live kings era",0
"hamirk know concept goods responded youth conscious aware plans plans snatch hamad qabrto gaddafi divide dear homeland alliance scum arabs terrorists enemies arab nation, youth understand aaibkm take revenge you, angas earth shabak aharz hurt",0
 frombhaskar arvindkejriwal india election commision fraud modii n tadipaar partner turning india gaddafi libyaa,0
"paris demonstrations barbaric aggression muammar gaddafi, living libyan people top life development today taste painful torment",0
"west drove kharij arabs live cities directly mosul, aircraft bombed america, britain, france, mosul surroundings libya french intelligence one killed gaddafi drove chaos militia syria remove bashar continuation creates sectarian situation par excellence enter iranian militia",0
rt riskyroast cursedsalad bernard henri levy man supported killed people kiev killed gaddafi ,0
"whole western region, indytro sabratha, currently driving direction khaled haftar.",1
gaddafi dark,0
great man made river gaddafi happened https co q kjvopv ,0
african countries supported way young ladies support promiscuity gaddafi still alive ,0
"sweet day represent role innocence forgot prince's calls gaddafi men, answer question",0
sun glasses worn sun either fall within university gaddafi wrong,0
manbj footsteps afrin kk footsteps dogs people fire end task traitors bashar footsteps gaddafi rest process output,0
"true, like ibn ali hassani, like water happened gaddafi ali saleh",0
great man made river gaddafi happened https co laxydnflxm via anonhq,0
rt thesoufancenter invaluable insights libya mannocchia via guardian seven years gaddafi deposed killed ara ,0
 hullboydan gaddafi sons available ,0
rt planetwaves hullboydan gaddafi sons available ,0
"paris demonstrations barbaric aggression muammar gaddafi, living libyan people top life development today taste painful torment",0
traitor handicapped first khan abu turned hamad bin khalifa performance gaddafi conspiring kill king abdullah oh people awakened stupidity father khan awaits people traitor non-disobedience evidence sold people two countries turks iran advisers cheated likes bashar qaradawi expulsion colonists,0
takhil soul population benghazi tnwad morning welcome facebook watching al karama channel look forward street receive photos haftar everywhere fear coffee mabia edges,1
history hassan ii rejected gaddafi's request participate green march western sahara,0
gaddafi's investments africa lost succession,0
"judge fire, lowest hole field, you, hafer, make heap, laughter democracy, knows?",1
"believe me, franks wronged gaddafi meet good comfortable libyans live kings era",0
eat halos gaddafi's voice,0
rt coppertime geovazquez jillie realdonaldtrump geraldorivera saddam hussein hid hole gaddafi hid pipe ,0
gaddafi dark,0
"going attend american man sex terrorists killed security men country, father plotted gaddafi assassinate king abdullah, bought mercenaries east west attack saudi arabia leaders spread lies accusations it. alliance iran, first enemy gulf states support houthis",0
imagined soul running felix back teeth sonata love hafter army praise god blessing city rogue ze misurata,1
rt matthewcogdeill retweet armed antifa terrorists caught film threatening kill potus trump like gaddafi go ,0
curse muammar gaddafi's murder haunts france especially criminal sarkozy,0
rt matthewcogdeill retweet armed antifa terrorists caught film threatening kill potus trump like gaddafi go ,0
"instead teach children safety ethics thief son happy hahah ajaji god gaddafi true understanding breeding away libya mafi good,",0
eat halos gaddafi's voice,0
police national army police muammar gaddafi kill sons benghazi,0
"threw head slipped away. deal conspiracy constant incitement. since then, conspiring gaddafi, conspired says brother, fear end nights, hesitate want.",0
rt coppertime geovazquez jillie realdonaldtrump geraldorivera saddam hussein hid hole gaddafi hid pipe ,0
year beginning published haftar enter tripoli end year,1
rt matthewcogdeill retweet armed antifa terrorists caught film threatening kill potus trump like gaddafi go ,0
"first mangoch speech reduce either proportion image science profile natural flag libya, even intended quote words gaddafi also natural thing corruption lord recognizes everyone",0
list richest presidents deposed world leaders arab autumn forefront wealth gaddafi alone surpass wealth richest man,0
haftar followers aale su ud salafi nour party claimants group yes gufis promote said like equally see type tweets aforementioned groups ,1
"simply remind revolution made thanks god gaddafi ally, al-aghar haftar allies gulf states sisi",1
attend gullible american sex terrorists killed security men country? father plotted gaddafi assassinate king,0
france paris demonstrations paris demonstrations france laughing gaddafi came demonstrators,0
"true french government first supporter coup d'état libya. certainly, gaddafi inciting peoples carry revolutions serve interests much security stability lost,",0
haha said saudi arabia like iraq libya tunisian people overthrew zine el abidine gaddafi said libya uniform tunisia egypt tell tyrants arab world day inevitably day red jackets god willing,0
"one thing destruction base terror, imprisoned abu salim fired sword build libya tomorrow salafi alhaj. gaddafi used army kill ignorant people",0
struck gaddafi day guédé france,0
gonna maduro like gaddafi,0
certainly lewis worst gaddafi,0
eat halos gaddafi's voice,0
rt matthewcogdeill retweet armed antifa terrorists caught film threatening kill potus trump like gaddafi go ,0
let hom helped people libya like shufi supports hafter alorfali kaima shufi egypt shaw swaw elected ruler shufi donkey jabu shufi play lives yemenis,1
"haftar risk visiting tripoli, libya, successor libyan army?",1
late leader muammar gaddafi https co gkpc gsdlc,0
 wanduta killed gaddafi libya back slave trading fellow africans,0
gaddafi's fiance,0
"correspondent mohsen noureddine burns france, you, negro, negro, right-winger, gaddafi,",0
eat halos gaddafi's voice,0
hahahaha misratah akbar supporter hafter forget salafis waved khatib pulpit threw street misurata demonstrations support operation benghazi tell many times card close burn becomes obstacle independence,1
"true, french government first supporter coup d'état libya certainly gaddafi",0
"sure wrong understanding killing yemenis hutha militias followed iran party satan lebanon egypt, god almighty saudi arabia uae become like iraq syria, kindness god marcy traitor put hand tehran mossad return see libya gaddafi alice qatar",0
france paris demonstrations paris demonstrations france laughing gaddafi came demonstrators,0
"group, fear god promise guide conscience spring talk western conspiracy destroy arab countries hand region want normalization entity happening front blind deaf forget france overthrow regime gaddafi, mercy",0
shot killed gaddafi hamdeen yahyawan graham,0
history hassan ii rejected gaddafi's request participate green march western sahara,0
impossible demolition paris arabs haha gaddafi voice also,0
"hafter honorable man slapped army brave men, wildness mother's mother sister go nkah hkkm money dreams jews",1
"relationship hafter bill yajel behalf presidential council fayez al-saraj one signed amount iraq, ali hafer lie me?",1
rt matthewcogdeill retweet armed antifa terrorists caught film threatening kill potus trump like gaddafi go ,0
important question qatar this. want one explanation. hamad bin khalife conspire qaddafi saudi arabia? heard recordings validated? hamad bin jassim bin jabr conspire assassinate king abdullah? behind this?,0
separation rats emerged demise gaddafi return ball disappearance hafer comes rearing return burrows win gidran wayne ali asbli evaporated west hafter,0
mega wrestling event sunday december al hamra cultural complex gaddafi stadium ticket available venue gates open pm wrestlinginpakistan pakistan wrestlingcomehome pakistanzindabad ropwrestling rop lahore wrestling https co k kpavw ,0
"macaron wore yellow jacket suggest solidarity demonstrators, gaddafi remembered beginning libyan revolution led popular demonstration libyan government. paris demonstrations may curse arab spring. planners supporters persecuted. may witness popular demonstrations european capitals",0
"correspondent mohsen noureddine burns france, you, negro, negro, right-winger, gaddafi,",0
"saudi intelligence revealed betrayal qatar early sent recordings former emir qatar hamad bin khalifa hamad bin jassim, former qatari foreign minister former libyan leader muammar gaddafi",0
"macaron wore yellow jacket suggest solidarity demonstrators, remembered gaddafi beginning libyan revolution led popular demonstration",0
gaddafi dustbin history hamad bin khalifa hamad bin jassim danger disappearing kingdom remained steadfast hands loyal sons face conspiracies intrigues young people around,0
"correspondent mohsen noureddine burns france, you, negro, negro, right-winger, gaddafi,",0
"gaddafi dustbin history, hamad bin khalifa hamad bin jassim danger extinction kingdom remained steadfast arms sons",0
"regime fans like rogue harina neetto west enters libya bully britain, one countries overthrew gaddafi",0
"macaron wore yellow jacket suggest solidarity demonstrators, remembered gaddafi beginning libyan revolution led popular demonstration",0
"macaron wore yellow jacket suggest solidarity demonstrators, remembered gaddafi beginning libyan revolution led popular demonstration",0
 goldtelegraph say gaddafi housed every homeless person nation poverty libya oh yeah got killed going usd manipulated sheep fed lies daily https co svealib ,0
"macaron wore yellow jacket suggest solidarity demonstrators, remembered gaddafi beginning libyan revolution led popular demonstration",0
"true, french government first supporter coup d'état libya certainly gaddafi",0
rt grayconnolly toppling shah saddam gaddafi geopolitical catastrophes delete account realpolitik https co wfs ,0
"mean muammar gaddafi, seeking arab unity",0
historical speech muammar gaddafi's cross,0
"people's camps salted lives, husseina us institution zraib army follows service colonel, example eastern region system collapsed four days yellow hats every february cry youth dropped corpse lying homeland god alone saved libya god protector gaddafi, client",0
"egypt gets last place education level, gaddafi's statement bourguiba makes wonder cares education",0
list richest presidents deposed world leaders arab autumn forefront wealth gaddafi alone surpass wealth richest man,0
 da osorio yeah plan taking gaddafi ideal either lol,0
"correspondent mohsen noureddine burns france, you, negro, negro, right-winger, gaddafi,",0
"correspondent mohsen noureddine burns france, you, negro, negro, right-winger, gaddafi,",0
"arab rulers stupidity realize tragic end awaits them, preceded gaddafi ali abdul saleh",0
rt riskyroast cursedsalad bernard henri levy man supported killed people kiev killed gaddafi ,0
rt riskyroast cursedsalad bernard henri levy man supported killed people kiev killed gaddafi ,0
muammar gaddafi saying debts poor cost butcher legumes eat sisi maandh refrigerator clear money real estate bank accounts millions europe yachts palaces buy old paintings public money siphon demonstrations,0
 kathygriffin hillaryclinton iike kathy killing arab kids supporting wars genocide palestinians mass slaughter libyans black libyans al qaida sodomy murder gaddafi without trial jail ,0
demonstrations yellow jackets happening france linked destruction libya sarkozy allied gaddafi moved french army destroy libya hide evidence libyan example says world salvation france burn hebrew spring,0
demonstrations yellow jackets france linked destruction libya sarkozy allied gaddafi moved french army,0
gaddafi right jfk https co nhwrmz zkc via youtube,0
"gaddafi dustbin history, hamad bin khalifa hamad bin jassim danger extinction kingdom remained steadfast arms sons",0
"lived libya tripoli five years time beginning madness gaddafi libyan declaration. libyan people good people. imagine separatist tendencies. saw libyans homogeneous, lord guided you, got rid sedition sedition.",0
demonstrations yellow jackets france linked destruction libya sarkozy allied gaddafi moved french army,0
demonstrations yellow jackets france linked destruction libya sarkozy allied gaddafi moved french army,0
"gaddafi dustbin history, hamad bin khalifa hamad bin jassim danger extinction kingdom remained steadfast arms sons",0
receive latest gaddafi,0
 hosamindeed idf elonmusk spacex boringcompany destroying houses terrorists arabs fallacystinians minimum israel considerate islamic arabs deserve hussein assad gaddafi deserve civilized country like israel neighbor https co xb jdls f,0
"reminded story story. deserve produce film letter, funded gaddafi",0
"street broken harayak every place, however, says police suwa police unjustly insulted jet shaft sawa example bashar demonstrators, beginning protests muammar gaddafi even fourth, although brotherhood, everything remember crying became",0
"correspondent mohsen noureddine burns france, you, negro, negro, right-winger, gaddafi,",0
"know good reason attend qatar summit gulf state allied iran, first enemy security gulf states countries brought whole safety land security hands turkish forces, second enemy gulf states supported emir state qatar, exceptional case betrayal gulf arab since recordings gaddafi continue",0
"brothers known treachery betrayal muammar gaddafi turned abdullah saleh turned thing become unfortunately qatar god yes, agent god avenge horrors brotherhood whole world become chovna hanna muslims terrorism",0
sarkosy responsible gaddafi death look libya today ,0
rt snsidelibya derna men detained apparent reason incarcerated haftar prisons indiv ,1
"macaron wore yellow jacket suggest solidarity demonstrators, remembered gaddafi beginning libyan revolution led popular demonstration",0
"mall fourth massacre renaissance mali support haftar bashar burning yemen sent sons northern emirates war elegance whole tricked wrath god, world afterlife, said amin yilmadi",1
muammar gaddafi's murderer,0
"santa claus wear long beard give gifts children holidays, carries bag every evening children sleep steal treasury dreams never tire theft haftar",1
gaddafi last one take street,0
"saying atnil, poisoned us poison activists human rights owners sabobh france hand killing gaddafi looting oil",0
"yes, saudi arabia good nation, experiments taught us arabs provide us handshake hand poisoned dagger stab gaddafi, hamdeen, saddam, etc.",0
"gaddafi dustbin history, hamad bin khalifa hamad bin jassim danger extinction kingdom remained steadfast arms sons",0
gaddafi,0
hafer supports rats paris confirmed youth yellow jackets akdoli hole behind jackets zero scratch jackets written made tenderness numan tramdol frequent close official separates lord healer,1
"macaron wore yellow jacket suggest solidarity demonstrators, remembered gaddafi beginning libyan revolution led popular demonstration",0
"gaddafi dustbin history, hamad bin khalifa hamad bin jassim danger extinction kingdom remained steadfast arms sons",0
hafer italy endeavors support convergence os,1
 walid gaddafi got invaded guess one law one one law another ,0
"demonstrations france need entrenched channel al-jazeera channel traitor chief staff tunisian army ben ali days international intervention kill macron gaddafi's party hypocritical party brotherhood, happened egypt",0
 suuweeeg zel lovelysoraya grandkraut zwei augen doubt retweet gaddafi supporter ,0
discussing limit muammar calculating two almblin hamd second shi heard hadi generation built muammar hand destroyed destroys destruction hani came general means wiping matjibli limit means bash understand graduates school gaddafi afraid discussion ready evidence gaddafi's reason,0
"al-gharabawi saddam hussein haftar hath billion middle bug, dog tail.",1
rt coppertime geovazquez jillie realdonaldtrump geraldorivera saddam hussein hid hole gaddafi hid pipe ,0
exposition certain group terrorists organised sole aim unleashing death innocent nigerians president tried every given opportunity convince world libyans armed gaddafi avenging death gaddafi ,0
rt coppertime geovazquez jillie realdonaldtrump geraldorivera saddam hussein hid hole gaddafi hid pipe ,0
"french army come kill demonstrators hundreds? cisse hafer appear france france state institutions people conscious, also gulf money freedom people place country lights?",1
"egypt gets last place education level, gaddafi's statement bourguiba makes wonder cares education",0
hillary emails reveal nato killed gaddafi stop libyan creation gold backed currency global research ,0
behind international haftar visits?,1
"context, attacked nasser's stall mobilized legitimate illegitimate weapons destroy reputation. tongue also launched leaders arab republics. adopt hostile speech white house came offensive sequential attack people like muammar gaddafi hafez al-",0
"gaddafi mqlsh traders khalohm said expelled dog parcels, nostalgic",0
 spy stations x rz business france america libya fucking gaddafi punk ass bitchez ,0
"al-harafish announce revolution hungry poverty paris beautiful living mercy chaos, looting, robbery combing. perhaps granddaughter forgiven. nice say libya stands people, rebels government france saved benghazi dropped gaddafi?",0
george bush sr celebrated titan unity earth get hadley freeman https co vfulzhbyqq reporter getting knees licking boots warmongering governments questions weapons mass destruction iraq gaddafi kill poeple,0
"lights, benghazi deliberately, without cities, philosophize negatives pick columns. brother, hafter raho haftar, benghazi, hafer, baidah, tobruk, jafra, kufrah, libya, capital, tripoli, want talk it?",1
hafer sows sage reaps,1
rt azmanimouhieddi bernard henri levy man supported killed people kiev killed gaddafi ,0
demonstrations yellow jackets reminded sarkozy's insistence aboriginal party al-jazeera stupid gaddafi repulsed echoed,0
